,Player,Club,POS,GP,GS,MINS,G,A,SHTS,SOG,GWG,PKG/A,HmG,RdG,G/90min,SC%
0,Diego Rossi,LAFC,F,19,19,1698,14,4,71,34,1,1/1,11,3,0.74,19.7
1,Gyasi Zardes,CLB,F,21,20,1717,12,4,41,19,2,0/2,8,4,0.63,29.3
2,Raul Ruidiaz,SEA,F,17,17,1427,12,4,55,23,4,1/1,8,4,0.76,21.8
3,Robert Beric,CHI,F,23,22,1931,12,1,62,29,1,1/2,7,5,0.56,19.4
4,Jordan Morris,SEA,F,22,18,1724,10,8,39,18,3,0/0,8,2,0.52,25.6
5,Chris Mueller,ORL,F,22,17,1477,10,7,36,19,3,0/0,8,2,0.61,27.8
6,Cristian Pavon,LA,M,22,22,1980,10,7,63,26,2,3/3,5,5,0.45,15.9
7,Alejandro Pozuelo,TOR,M,23,23,2015,9,10,52,25,5,5/5,4,5,0.40,17.3
8,Kevin Molino,CLB,M,18,15,1264,9,4,38,17,3,1/1,5,4,0.64,23.7
9,Ayo Akinola,TOR,F,15,11,1063,9,0,36,18,2,0/0,4,5,0.76,25.0
10,Diego Valeri,POR,M,22,18,1628,8,7,39,16,3,3/3,5,3,0.44,20.5
11,Bradley Wright-Phillips,CLB,F,18,14,1081,8,6,33,15,3,0/0,7,1,0.67,24.2
12,Romell Quioto,MTL,M,19,17,1483,8,6,51,20,2,0/0,4,4,0.49,15.7
13,Kacper Przybylko,PHI,F,23,23,1974,8,6,54,25,4,1/1,5,3,0.36,14.8
14,Daryl Dike,ORL,F,17,15,1224,8,4,30,12,2,0/0,5,3,0.59,26.7
15,Jeremy Ebobisse,POR,F,18,11,1062,8,2,32,14,1,0/0,2,6,0.68,25.0
16,Sergio Santos,PHI,F,21,17,1218,8,2,34,12,3,0/0,6,2,0.59,23.5
17,Teal Bunbury,NE,F,22,19,1466,8,1,43,12,3,0/0,2,6,0.49,18.6
18,Damir Kreilach,RSL,M,21,20,1770,8,1,48,20,2,0/0,5,3,0.41,16.7
19,Nicolás Lodeiro,SEA,M,20,20,1782,7,10,40,18,2,4/4,4,3,0.35,17.5
20,Darwin Quintero,HOU,F,22,20,1689,7,10,59,24,2,0/1,4,3,0.37,11.9
21,Robin Lod,MIN,M,20,18,1585,7,5,40,13,0,0/0,4,3,0.40,17.5
22,Felipe Mora,POR,F,19,13,1204,7,2,32,17,3,0/0,3,4,0.52,21.9
23,Jaroslaw Niezgoda,POR,F,17,7,602,7,1,12,9,1,0/0,5,2,1.05,58.3
24,Chris Wondolowski,SJ,F,22,13,1275,7,1,31,19,1,2/3,4,3,0.49,22.6
25,Franco Jara,DAL,F,19,16,1388,7,0,37,20,3,1/1,4,3,0.45,18.9
26,Pedro Santos,CLB,M,22,22,1841,6,8,44,16,4,1/1,4,2,0.29,13.6
27,Alan Pulido,SKC,F,12,11,962,6,5,36,18,3,1/1,3,3,0.56,16.7
28,Nani,ORL,M,19,16,1423,6,5,51,16,2,1/1,3,3,0.38,11.8
29,Lucas Zelarayan,CLB,M,16,12,1039,6,4,23,10,3,0/1,5,1,0.52,26.1
30,Gadi Kinda,SKC,M,18,16,1394,6,4,35,11,1,0/0,3,3,0.39,17.1
31,Sebastian Lletget,LA,M,21,19,1692,6,4,37,18,1,0/0,4,2,0.32,16.2
32,Johnny Russell,SKC,F,21,17,1529,6,4,50,17,2,0/0,5,1,0.35,12.0
33,Valentin Castellanos,NYC,F,22,14,1341,6,3,75,34,1,2/2,4,2,0.40,8.0
34,Adam Buksa,NE,F,23,16,1499,6,2,59,24,1,0/1,2,4,0.36,10.2
35,Anthony Fontana,PHI,M,17,5,509,6,0,16,13,3,0/0,3,3,1.06,37.5
36,Lucas Cavallini,VAN,F,18,16,1457,6,0,44,18,4,0/2,5,1,0.37,13.6
37,Lewis Morgan,MIA,M,23,23,1952,5,8,56,18,2,1/1,5,0,0.23,8.9
38,Cole Bassett,COL,M,14,12,982,5,5,22,9,2,0/0,3,2,0.46,22.7
39,Fredy Montero,SEA,F,16,11,1059,5,5,31,13,0,2/2,4,1,0.42,16.1
40,Memo Rodriguez,HOU,M,21,20,1604,5,3,52,16,0,0/0,1,4,0.28,9.6
41,Gustavo Bou,NE,F,18,14,1329,5,3,64,22,3,0/0,2,3,0.34,7.8
42,Benji Michel,ORL,F,21,8,840,5,2,16,10,2,0/0,3,2,0.54,31.3
43,Maximiliano Urruti,HOU,F,15,10,895,5,2,22,11,2,0/0,3,2,0.50,22.7
44,Jesus Medina,NYC,M,22,18,1495,5,2,32,16,1,0/0,2,3,0.30,15.6
45,Danny Musovski,LAFC,F,15,6,629,5,1,20,15,1,0/0,5,0,0.72,25.0
46,Brian White,RBNY,F,18,10,872,5,1,26,11,2,0/0,2,3,0.52,19.2
47,Andres Rios,SJ,F,22,20,1711,5,1,28,8,1,1/1,3,2,0.26,17.9
48,Khiry Shelton,SKC,F,20,17,1447,5,1,29,14,1,0/0,4,1,0.31,17.2
49,Erik Hurtado,MTL,F,15,3,376,5,0,19,8,1,0/0,1,4,1.20,26.3
50,Jonathan Lewis,COL,F,18,7,705,5,0,27,10,1,0/0,2,3,0.64,18.5
51,Yimmi Chara,POR,M,21,12,1233,4,8,23,12,2,0/0,2,2,0.29,17.4
52,Brenden Aaronson,PHI,M,23,23,1914,4,7,36,16,1,0/0,2,2,0.19,11.1
53,Saphir Taider,MTL,F,11,11,955,4,6,19,5,1,3/3,3,1,0.38,21.1
54,Rodolfo Pizarro,MIA,M,19,17,1578,4,5,31,11,1,0/0,1,3,0.23,12.9
55,Richie Laryea,TOR,M,20,15,1398,4,4,13,6,1,0/0,2,2,0.26,30.8
56,Anton Tinnerholm,NYC,D,23,22,2001,4,4,21,6,2,0/0,3,1,0.18,19.0
57,Alexander Ring,ATX,M,23,23,2016,4,4,26,8,2,0/0,4,0,0.18,15.4
58,Hany Mukhtar,NSH,M,15,13,1092,4,4,32,13,0,0/1,1,3,0.33,12.5
59,Pablo Piatti,TOR,M,17,16,1338,4,4,39,16,2,0/0,3,1,0.27,10.3
60,Alberth Elis,HOU,F,6,4,377,4,3,17,8,0,1/1,1,3,0.95,23.5
61,Daniel Royer,RBNY,M,20,15,1354,4,3,30,10,1,0/0,2,2,0.27,13.3
62,Ethan Finlay,MIN,M,14,12,961,4,2,18,9,0,0/0,2,2,0.37,22.2
63,Alexandru Mitrita,NYC,F,12,8,699,4,2,23,9,2,0/0,2,2,0.52,17.4
64,Bojan Krkic,MTL,M,17,14,1159,4,2,25,12,1,1/1,1,3,0.31,16.0
65,Kei Kamara,COL,F,16,11,980,4,2,28,10,1,1/1,2,2,0.37,14.3
66,Lassi Lappalainen,MTL,M,13,7,680,4,1,13,11,0,0/0,2,2,0.53,30.8
67,Carlos Vela,LAFC,F,7,4,422,4,1,22,10,1,0/0,4,0,0.85,18.2
68,Ryan Hollingshead,DAL,M,20,19,1731,4,1,31,11,4,0/0,2,2,0.21,12.9
69,Fabian Herbers,CHI,F,21,18,1366,4,1,31,10,2,0/0,4,0,0.26,12.9
70,Andre Shinyashiki,COL,F,15,13,1034,4,1,33,18,0,0/0,2,2,0.35,12.1
71,Jon Gallagher,ATX,F,16,11,982,4,0,13,7,1,0/0,2,2,0.37,30.8
72,Brek Shea,MIA,D,13,6,628,4,0,13,6,1,0/0,1,3,0.57,30.8
73,Santiago Mosquera,DAL,M,12,5,411,4,0,17,9,0,0/0,3,1,0.88,23.5
74,Daniel Rios,NSH,F,18,8,697,4,0,25,8,1,0/0,4,0,0.52,16.0
75,Ola Kamara,DC,F,22,17,1327,4,0,28,9,0,2/2,3,1,0.27,14.3
76,Cristian Espinoza,SJ,M,23,22,1812,3,9,52,19,3,0/0,2,1,0.15,5.8
77,Jamiro Monteiro,PHI,M,22,22,1941,3,6,32,14,0,1/1,2,1,0.14,9.4
78,Eryk Williamson,POR,M,21,17,1417,3,5,16,5,0,0/0,1,2,0.19,18.8
79,Kyle Duncan,RBNY,D,23,21,1908,3,4,13,4,1,0/0,2,1,0.14,23.1
80,Mark-Anthony Kaye,LAFC,M,16,15,1095,3,4,13,4,0,0/0,3,0,0.25,23.1
81,Diego Rubio,COL,F,16,12,1040,3,4,24,7,2,0/0,0,3,0.26,12.5
82,Cristian Dajome,VAN,F,23,18,1604,3,4,31,10,1,0/0,2,1,0.17,9.7
83,Randall Leal,NSH,F-M,21,19,1615,3,4,41,18,2,0/0,2,1,0.17,7.3
84,Ilsinho,PHI,M,22,2,623,3,3,10,4,1,0/0,3,0,0.43,30.0
85,Justin Meram,RSL,M,21,13,1146,3,3,16,8,0,0/0,2,1,0.24,18.8
86,Kelvin Leerdam,SEA,D,21,19,1551,3,3,18,3,0,0/0,2,1,0.17,16.7
87,Gerso Fernandes,SKC,F,19,10,820,3,3,23,5,0,0/0,2,1,0.33,13.0
88,Alejandro Bedoya,PHI,M,21,21,1832,3,3,31,12,1,0/0,1,2,0.15,9.7
89,Mauricio Pineda,CHI,D-M,23,23,2022,3,2,9,3,1,0/0,1,2,0.13,33.3
90,Adam Jahn,ATL,F,21,13,1072,3,2,15,8,1,0/0,1,2,0.25,20.0
91,Yamil Asad,DC,M,23,18,1582,3,2,19,7,0,2/2,2,1,0.17,15.8
92,Fafa Picault,HOU,M,18,11,1040,3,2,22,8,0,0/0,3,0,0.26,13.6
93,Albert Rusnak,RSL,M,16,15,1291,3,2,31,8,2,2/3,3,0,0.21,9.7
94,Junior Urso,ORL,M,23,20,1708,3,2,33,13,1,0/0,2,1,0.16,9.1
95,Mauro Manotas,HOU,F,20,15,1326,3,2,45,20,1,0/1,3,0,0.20,6.7
96,Walker Zimmerman,NSH,D,22,22,1955,3,1,19,9,0,0/0,2,1,0.14,15.8
97,Ismael Tajouri-Shradi,NYC,F,15,6,670,3,1,21,8,2,1/1,2,1,0.40,14.3
98,Youness Mokhtar,CLB,M,19,10,805,3,1,21,8,1,0/0,0,3,0.34,14.3
99,Przemyslaw Frankowski,CHI,M,19,16,1459,3,1,27,13,0,0/0,3,0,0.19,11.1
100,Vako,SJ,M,15,9,799,3,1,28,14,0,0/0,2,1,0.34,10.7
101,Ariel Lassiter,HOU,F,16,10,949,3,1,30,16,0,0/0,2,1,0.28,10.0
102,Keaton Parks,NYC,M,23,20,1733,3,1,40,16,0,0/0,2,1,0.16,7.5
103,Tesho Akindele,ORL,F-M,17,8,821,3,0,12,6,0,0/0,2,1,0.33,25.0
104,Donovan Pines,DC,D,16,15,1353,3,0,15,8,0,0/0,2,1,0.20,20.0
105,Juan Agudelo,MIN,F,14,9,842,3,0,19,4,0,0/0,1,2,0.32,15.8
106,Yuya Kubo,CIN,F,19,15,1284,3,0,19,7,1,1/1,2,1,0.21,15.8
107,Tom Barlow,RBNY,F,21,12,974,3,0,39,20,1,0/0,3,0,0.28,7.7
108,Mauricio Pereyra,ORL,M,16,14,1107,2,8,9,4,1,0/0,1,1,0.16,22.2
109,Djordje Mihailovic,MTL,M,20,14,1171,2,7,26,7,0,0/0,2,0,0.15,7.7
110,Brian Rodriguez,LAFC,F,19,18,1446,2,7,49,18,0,0/0,1,1,0.12,4.1
111,Alvaro Medran,CHI,M,23,23,1996,2,6,37,13,0,0/1,2,0,0.09,5.4
112,Ali Adnan,VAN,D,22,20,1769,2,5,14,5,0,0/0,2,0,0.10,14.3
113,João Paulo,SEA,M,19,17,1501,2,5,16,6,0,0/0,2,0,0.12,12.5
114,Alejandro Romero Gamarra,RBNY,M,16,13,1089,2,5,16,5,0,0/0,2,0,0.17,12.5
115,Sebastian Blanco,POR,M-F,9,8,665,2,5,22,7,1,0/0,1,1,0.27,9.1
116,Cristian Roldan,SEA,M,22,21,1890,2,5,27,10,0,0/0,0,2,0.10,7.4
117,Artur,CLB,M,22,20,1831,2,4,11,6,0,0/0,2,0,0.10,18.2
118,Younes Namli,COL,M,17,16,1272,2,4,23,10,0,0/0,1,1,0.14,8.7
119,Corey Baird,LAFC,F,21,17,1529,2,4,29,4,0,0/0,0,2,0.12,6.9
120,Joevin Jones,SEA,D-M,13,10,831,2,3,9,4,0,0/0,2,0,0.22,22.2
121,Mark McKenzie,PHI,D,22,22,1980,2,3,13,4,0,0/0,1,1,0.09,15.4
122,Cristian Casseres Jr.,RBNY,M,19,14,1310,2,3,13,7,0,0/0,0,2,0.14,15.4
123,Brooks Lennon,ATL,D,23,19,1751,2,3,14,5,0,0/0,1,1,0.10,14.3
124,Carlos Fierro,SJ,M,16,11,961,2,3,21,8,0,0/0,1,1,0.19,9.5
125,Florian Valot,RBNY,M,23,17,1510,2,3,24,6,1,0/0,0,2,0.12,8.3
126,Julian Gressel,DC,M,22,19,1682,2,3,28,5,1,0/0,1,1,0.11,7.1
127,Ezequiel Barco,ATL,M,15,11,1034,2,3,31,14,0,0/1,1,1,0.17,6.5
128,Marcos Lopez,SJ,D,13,11,990,2,2,7,4,0,0/0,1,1,0.18,28.6
129,Shea Salinas,SJ,M,23,4,774,2,2,10,3,1,0/0,0,2,0.23,20.0
130,Christian Ramirez,HOU,F,15,8,675,2,2,13,7,0,0/0,0,2,0.27,15.4
131,Emerson Hyndman,ATL,M,20,16,1383,2,2,14,6,2,0/0,1,1,0.13,14.3
132,Boris Sekulic,CHI,D,21,21,1826,2,2,14,4,1,0/0,1,1,0.10,14.3
133,Nick Lima,ATX,D,20,19,1531,2,2,16,6,1,0/0,0,2,0.12,12.5
134,Pity Martinez,ATL,M,7,7,591,2,2,17,7,1,0/0,2,0,0.30,11.8
135,Roger Espinoza,SKC,M,16,12,950,2,2,19,8,1,0/0,1,1,0.19,10.5
136,Victor Wanyama,MTL,M,21,21,1890,2,2,22,8,0,0/0,1,1,0.10,9.1
137,Brandon Vazquez,CIN,F,19,8,774,2,2,23,9,0,0/0,1,1,0.23,8.7
138,Tajon Buchanan,NE,F,23,11,1084,2,2,30,12,0,0/0,1,1,0.17,6.7
139,Reto Ziegler,DAL,D,19,17,1529,2,1,6,4,0,2/2,2,0,0.12,33.3
140,Jeff Larentowicz,ATL,M,19,11,1111,2,1,7,2,1,1/1,1,1,0.16,28.6
141,Zdenek Ondrasek,DAL,F,5,4,312,2,1,11,3,1,0/0,2,0,0.58,18.2
142,Leandro Gonzalez Pirez,MIA,D,16,16,1440,2,1,11,4,2,0/0,2,0,0.13,18.2
143,Omir Fernandez,RBNY,M,15,5,569,2,1,12,3,0,0/0,1,1,0.32,16.7
144,Oswaldo Alanis,SJ,D,14,14,1188,2,1,13,4,0,0/0,1,1,0.15,15.4
145,Marcelino Moreno,ATL,M,6,5,465,2,1,14,7,0,2/2,1,1,0.39,14.3
146,Ricardo Pepi,DAL,F,17,4,458,2,1,14,6,0,0/0,1,1,0.39,14.3
147,Luis Amarilla,MIN,F,7,5,425,2,1,16,5,2,0/1,0,2,0.42,12.5
148,Yeimar Gomez Andrade,SEA,D,19,19,1626,2,1,16,5,1,0/0,1,1,0.11,12.5
149,Abu Danladi,NSH,F,17,7,575,2,1,17,4,1,0/0,1,1,0.31,11.8
150,Eddie Segura,LAFC,D,22,21,1886,2,1,17,5,1,0/0,2,0,0.10,11.8
151,Niko Hansen,HOU,F,17,8,716,2,1,18,7,1,0/0,0,2,0.25,11.1
152,Gary Mackay-Steven,NYC,F,22,10,956,2,1,22,15,0,0/0,1,1,0.19,9.1
153,Kellyn Acosta,COL,M,15,14,1150,2,1,27,11,1,0/0,0,2,0.16,7.4
154,Jozy Altidore,TOR,F,13,10,746,2,1,28,14,1,0/0,1,1,0.24,7.1
155,Ike Opara,MIN,D,2,2,180,2,0,2,2,0,0/0,0,2,1.00,100.0
156,Tosaint Ricketts,VAN,F,16,5,456,2,0,5,2,2,0/0,1,1,0.39,40.0
157,Jake Nerwinski,VAN,D,21,18,1700,2,0,5,4,1,0/0,2,0,0.11,40.0
158,Russell Canouse,DC,M,15,15,1233,2,0,5,3,0,0/0,1,1,0.15,40.0
159,Griffin Yow,DC,F,12,4,391,2,0,5,5,0,0/0,1,1,0.46,40.0
160,Caden Clark,RBNY,M,7,3,280,2,0,5,2,1,0/0,0,2,0.64,40.0
161,Federico Higuain,MIA,F,14,0,175,2,0,6,4,0,0/0,1,1,1.03,33.3
162,Frederic Brillant,DC,D,19,18,1682,2,0,6,3,1,0/0,1,1,0.11,33.3
163,Aaron Long,RBNY,D,16,15,1330,2,0,6,4,2,0/0,1,1,0.14,33.3
164,CJ Sapong,NSH,F,11,4,472,2,0,8,3,0,1/1,2,0,0.38,25.0
165,Alexander Callens,NYC,D,22,22,1934,2,0,9,3,0,0/0,1,1,0.09,22.2
166,Cory Burke,PHI,F,5,0,110,2,0,9,5,1,0/0,2,0,1.64,22.2
167,Amar Sejdic,MTL,M,14,7,684,2,0,12,5,0,0/0,1,1,0.26,16.7
168,Julian Carranza,MIA,F,16,5,542,2,0,12,4,0,0/0,2,0,0.33,16.7
169,Jhonder Cadiz,NSH,F,7,0,219,2,0,15,6,1,0/0,1,1,0.82,13.3
170,Gelmin Rivas,DC,F,13,7,502,2,0,17,5,1,0/0,0,2,0.36,11.8
171,Maynor Figueroa,HOU,D,20,19,1717,2,0,19,3,0,0/0,1,1,0.10,10.5
172,Ethan Zubak,LA,F,15,11,787,2,0,19,7,1,0/0,1,1,0.23,10.5
173,Douglas Martinez,RSL,F,18,9,837,2,0,20,8,0,0/0,1,1,0.22,10.0
174,Javier Hernandez,LA,F,12,7,758,2,0,21,7,0,0/1,2,0,0.24,9.5
175,Emanuel Reynoso,MIN,M,13,9,826,1,7,22,7,0,0/0,1,0,0.11,4.5
176,Diego Chara,POR,M,20,20,1799,1,6,3,1,0,0/0,1,0,0.05,33.3
177,Maikel Chang,RSL,M,19,12,1107,1,6,14,4,1,0/0,0,1,0.08,7.1
178,Jan Gregus,MIN,M,18,18,1599,1,6,35,8,0,0/0,0,1,0.06,2.9
179,Jorge Villafaña,LA,F,19,17,1550,1,5,3,1,0,0/0,0,1,0.06,33.3
180,Michael Barrios,COL,M,21,19,1681,1,5,35,10,0,0/0,1,0,0.05,2.9
181,David Milinkovic,VAN,M,16,11,902,1,4,8,3,0,0/0,0,1,0.10,12.5
182,Tommy Thompson,SJ,D,20,13,1125,1,4,10,4,0,0/0,0,1,0.08,10.0
183,Francisco Ginella,LAFC,M,22,14,1159,1,4,10,5,1,0/0,1,0,0.08,10.0
184,Dax McCarty,NSH,M,21,19,1678,1,4,11,4,1,0/0,1,0,0.05,9.1
185,Maximiliano Moralez,NYC,M,13,10,875,1,4,13,7,1,0/0,1,0,0.10,7.7
186,Darwin Ceren,HOU,M,20,18,1535,1,4,14,6,0,1/1,1,0,0.06,7.1
187,Latif Blessing,LAFC,F,21,18,1720,1,4,15,6,0,0/0,0,1,0.05,6.7
188,Matias Pellegrini,MIA,M,19,12,965,1,4,16,5,0,0/0,0,1,0.09,6.3
189,Sam Vines,COL,D,18,18,1620,1,3,3,1,0,0/0,0,1,0.06,33.3
190,Michael Baldisimo,VAN,M,13,7,703,1,3,4,3,0,0/0,1,0,0.13,25.0
191,Julian Araujo,LA,D,17,17,1298,1,3,8,3,0,0/0,1,0,0.07,12.5
192,Jonathan Osorio,TOR,M,17,17,1408,1,3,18,6,0,0/0,0,1,0.06,5.6
193,Jose Cifuentes,LAFC,M,18,13,1150,1,3,34,10,0,0/0,1,0,0.08,2.9
194,Gianluca Busio,SKC,M-F,19,15,1275,1,3,36,6,0,0/0,0,1,0.07,2.8
195,Kai Wagner,PHI,D,14,14,1186,1,2,5,1,0,0/0,1,0,0.08,20.0
196,Matthew Real,PHI,D,15,5,622,1,2,7,2,0,0/0,0,1,0.14,14.3
197,Daniel Lovitz,NSH,D,21,21,1890,1,2,8,1,0,0/0,0,1,0.05,12.5
198,Andy Polo,POR,M,16,7,750,1,2,9,2,0,0/0,1,0,0.12,11.1
199,Orji Okwonkwo,MTL,M,13,5,488,1,2,10,7,0,0/0,0,1,0.18,10.0
200,Harrison Afful,CLB,D,21,20,1795,1,2,11,3,0,0/0,0,1,0.05,9.1
201,Yordy Reyna,DC,M-F,13,7,632,1,2,12,3,1,0/0,0,1,0.14,8.3
202,Dave Romney,NSH,D,23,23,2070,1,2,12,3,0,0/0,0,1,0.04,8.3
203,Derrick Etienne Jr.,CLB,M,21,8,891,1,2,13,2,1,0/0,1,0,0.10,7.7
204,Keegan Rosenberry,COL,D,17,16,1361,1,2,14,5,1,0/0,1,0,0.07,7.1
205,Francisco Calvo,CHI,D,22,22,1911,1,2,16,3,0,0/0,0,1,0.05,6.3
206,Andres Ricaurte,DAL,M,14,13,1112,1,2,17,6,0,0/0,1,0,0.08,5.9
207,Efrain Alvarez,LA,M,16,6,718,1,2,17,4,0,0/0,0,1,0.13,5.9
208,Nick DeLeon,TOR,M,21,9,923,1,2,21,4,0,0/0,1,0,0.10,4.8
209,Heber,NYC,F,12,11,893,1,2,26,14,0,0/0,0,1,0.10,3.8
210,Ignacio Aliseda,CHI,M,20,16,1402,1,2,26,6,0,0/0,1,0,0.06,3.8
211,Eduard Atuesta,LAFC,M,17,14,1326,1,2,32,4,0,1/1,0,1,0.07,3.1
212,Gonzalo Higuaín,MIA,F,9,9,802,1,2,35,12,1,0/1,0,1,0.11,2.9
213,Ben Mines,CIN,M,5,1,172,1,1,3,1,0,0/0,0,1,0.52,33.3
214,Jacori Hayes,MIN,M,11,6,602,1,1,4,1,0,0/0,1,0,0.15,25.0
215,Jonathan Bornstein,CHI,D,20,13,1141,1,1,4,3,0,0/0,0,1,0.08,25.0
216,Darlington Nagbe,CLB,M,15,14,1199,1,1,5,3,0,0/0,1,0,0.08,20.0
217,Mandela Egbo,RBNY,D,9,6,451,1,1,5,3,0,1/1,0,1,0.20,20.0
218,Handwalla Bwana,NSH,M,7,2,217,1,1,5,3,0,0/0,0,1,0.41,20.0
219,Larrys Mabiala,POR,D,17,15,1311,1,1,6,2,0,0/0,0,1,0.07,16.7
220,Antonio Carlos,ORL,D,20,18,1634,1,1,8,2,0,0/0,1,0,0.06,12.5
221,Patrick Mullins,TOR,F,16,4,416,1,1,8,4,1,0/0,0,1,0.22,12.5
222,George Bello,ATL,D,20,19,1648,1,1,8,2,0,0/0,0,1,0.05,12.5
223,Braian Galvan,COL,M,9,2,244,1,1,8,2,0,0/0,0,1,0.37,12.5
224,Jake Mulraney,ATL,F,18,8,707,1,1,9,5,0,0/0,0,1,0.13,11.1
225,Kekuta Manneh,ATX,F,8,3,246,1,1,9,5,0,0/0,0,1,0.37,11.1
226,Haris Medunjanin,CIN,M,21,19,1729,1,1,9,2,1,0/0,0,1,0.05,11.1
227,Magnus Eriksson,SJ,F,5,5,450,1,1,10,1,0,1/1,1,0,0.20,10.0
228,Mason Toye,MTL,F,14,8,596,1,1,10,4,0,0/0,1,0,0.15,10.0
229,Eric Remedi,SJ,M,18,12,1161,1,1,11,1,0,0/0,0,1,0.08,9.1
230,Lee Nguyen,MCF,M,17,8,814,1,1,11,6,1,1/1,0,1,0.11,9.1
231,Mohamed El-Munir,LFC,D,12,4,596,1,1,11,2,0,0/0,1,0,0.15,9.1
232,Bill Tuiloma,POR,D-M,12,9,824,1,1,12,3,0,0/0,0,1,0.11,8.3
233,Will Bruin,SEA,F,15,5,558,1,1,13,4,0,0/0,1,0,0.16,7.7
234,Cade Cowell,SJ,F,17,4,466,1,1,14,7,0,0/0,0,1,0.19,7.1
235,Blaise Matuidi,MIA,M,15,14,1273,1,1,15,2,0,0/0,0,1,0.07,6.7
236,Erick Torres,ATL,F,13,4,492,1,1,15,6,0,0/0,0,1,0.18,6.7
237,Chase Gasper,MIN,D,18,16,1491,1,1,17,6,1,0/0,1,0,0.06,5.9
238,Dominique Badji,NSH,F,12,10,750,1,1,18,5,0,0/0,1,0,0.12,5.6
239,Nicolas Mezquida,COL,F-M,17,2,463,1,1,18,7,0,0/0,1,0,0.19,5.6
240,Samuel Piette,MTL,M,22,22,1943,1,1,19,6,1,0/0,0,1,0.05,5.3
241,Jesus Ferreira,DAL,F,19,13,979,1,1,19,7,1,0/0,1,0,0.09,5.3
242,Hassani Dotson,MIN,M-D,18,12,1211,1,1,19,7,0,0/0,0,1,0.07,5.3
243,Jackson Yueill,SJ,M,21,21,1861,1,1,20,8,1,0/0,0,1,0.05,5.0
244,Graham Zusi,SKC,M,15,14,1224,1,1,21,4,1,0/0,1,0,0.07,4.8
245,Pablo Ruiz,RSL,M,18,15,1328,1,1,33,8,0,0/0,1,0,0.07,3.0
246,Paxton Pomykal,DAL,M,5,1,150,1,0,1,1,0,0/0,1,0,0.60,100.0
247,Andreu Fontas,SKC,D,3,3,270,1,0,1,1,0,0/0,1,0,0.33,100.0
248,Andres Flores,POR,M,4,3,188,1,0,1,1,0,0/0,0,1,0.48,100.0
249,Mikey Ambrose,ATL,D,6,3,302,1,0,1,1,0,0/0,1,0,0.30,100.0
250,Matheus Aias,ORL,F,4,0,18,1,0,1,1,0,0/0,1,0,5.00,100.0
251,Achara,TOR,F,1,1,89,1,0,2,2,1,0/0,1,0,1.01,50.0
252,Kai Koreniuk,LA,M,4,0,12,1,0,2,2,1,0/0,1,0,7.50,50.0
253,Tony Rocha,NYC,M,11,0,51,1,0,3,1,0,0/0,1,0,1.76,33.3
254,Chris Odoi-Atsem,DC,D,15,8,769,1,0,3,2,1,0/0,0,1,0.12,33.3
255,Giancarlo Gonzalez,LA,D,10,9,754,1,0,3,2,0,0/0,1,0,0.12,33.3
256,Dejan Jakovic,LFC,D,16,12,1075,1,0,3,1,1,0/0,1,0,0.08,33.3
257,Krisztian Nemeth,CLB,F,4,2,186,1,0,3,1,1,0/0,1,0,0.48,33.3
258,Winston Reid,SKC,D,10,8,728,1,0,3,2,1,0/0,1,0,0.12,33.3
259,Christian Torres,LAFC,F,8,2,212,1,0,3,1,0,0/0,0,1,0.42,33.3
260,Drew Moor,COL,D,8,5,487,1,0,4,2,1,0/0,1,0,0.18,25.0
261,Lalas Abubakar,COL,D,17,17,1515,1,0,4,1,0,0/0,1,0,0.06,25.0
262,Paul Marie,SJ,D,12,4,353,1,0,4,2,0,0/0,1,0,0.25,25.0
263,Sam Junqua,HOU,D,9,2,250,1,0,5,3,0,0/0,1,0,0.36,20.0
264,Julio Cascante,ATX,D,5,4,405,1,0,5,2,0,0/0,0,1,0.22,20.0
265,Justen Glad,RSL,D,17,14,1279,1,0,6,3,0,0/0,1,0,0.07,16.7
266,Sam Johnson,RSL,F,10,3,330,1,0,6,1,0,0/0,0,1,0.27,16.7
267,Theo Bair,VAN,F,16,6,446,1,0,6,3,0,0/0,1,0,0.20,16.7
268,Ballou Jean-Yves Tabla,MTL,F,5,0,100,1,0,6,2,0,0/0,1,0,0.90,16.7
269,Giuseppe Rossi,RSL,F,7,1,172,1,0,6,3,0,0/0,0,1,0.52,16.7
270,David Accam,NSH,F,7,2,206,1,0,6,3,1,0/0,0,1,0.44,16.7
271,Rudy Camacho,MTL,D,14,14,1189,1,0,7,1,1,0/0,0,1,0.08,14.3
272,Fatai Alashe,CIN,M,11,6,464,1,0,8,1,0,0/0,0,1,0.19,12.5
273,Jakob Glesnes,PHI,D,19,17,1493,1,0,8,2,0,0/0,0,1,0.06,12.5
274,Allan Cruz,CIN,M,14,8,751,1,0,8,2,0,0/0,0,1,0.12,12.5
275,Daniel Steres,LA,D,20,20,1800,1,0,9,3,0,0/0,1,0,0.05,11.1
276,Joe Corona,HOU,M,16,12,986,1,0,10,6,1,0/0,0,1,0.09,10.0
277,Nick Hagglund,CIN,D,11,8,744,1,0,10,3,1,0/0,1,0,0.12,10.0
278,Jack Elliott,PHI,D,17,10,981,1,0,10,6,0,0/0,1,0,0.09,10.0
279,Jose Aja,MIN,D,13,12,1071,1,0,11,3,0,0/0,1,0,0.08,9.1
280,Tsubasa Endoh,TOR,M,17,7,615,1,0,11,4,0,0/0,0,1,0.15,9.1
281,Danny Hoesen,ATX,F,8,3,249,1,0,11,3,0,0/0,0,1,0.36,9.1
282,Henry Kessler,NE,D,22,19,1823,1,0,12,2,0,0/0,1,0,0.05,8.3
283,Aaron Schoenfeld,ATX,F,14,3,390,1,0,14,4,1,0/0,0,1,0.23,7.1
284,Erik Sorga,DC,F,17,6,668,1,0,16,4,1,0/0,0,1,0.13,6.3
285,Frankie Amaya,CIN,M,21,21,1737,1,0,21,6,1,0/0,0,1,0.05,4.8
286,Joseph-Claude Gyau,CIN,M,21,20,1796,1,0,21,8,0,0/0,0,1,0.05,4.8
287,Diego Fagundez,ATX,M,19,9,966,1,0,21,5,0,0/0,1,0,0.09,4.8
288,Anibal Godoy,NSH,M-D,20,18,1494,1,0,23,8,1,0/0,1,0,0.06,4.3
289,Jurgen Locadia,CIN,F,17,15,1364,1,0,51,14,0,0/0,0,1,0.07,2.0
290,Jack Price,COL,M,16,14,1318,0,5,5,2,0,0/0,0,0,0.00,0.0
291,Andrew Wooten,PHI,F,16,4,447,0,4,3,1,0,0/0,0,0,0.00,0.0
292,Romain Metanire,MIN,D,20,20,1786,0,4,6,2,0,0/0,0,0,0.00,0.0
293,Ruan,ORL,D,21,18,1597,0,4,7,2,0,0/0,0,0,0.00,0.0
294,Jurgen Damm,ATL,M,14,7,635,0,4,8,1,0,0/0,0,0,0.00,0.0
295,Cristian Penilla,NE,F,17,10,962,0,4,19,6,0,0/0,0,0,0.00,0.0
296,Emanuel Maciel,MTL,M,11,10,780,0,3,1,0,0,0/0,0,0,0.00,0.0
297,Zarek Valentin,HOU,D,19,18,1621,0,3,2,0,0,0/0,0,0,0.00,0.0
298,Bryan Reynolds,DAL,D,17,14,1267,0,3,4,1,0,0/0,0,0,0.00,0.0
299,Raheem Edwards,MIN,M,12,2,259,0,3,5,0,0,0/0,0,0,0.00,0.0
300,Milton Valenzuela,CLB,D,19,17,1448,0,3,9,1,0,0/0,0,0,0.00,0.0
301,Nicolas Benezet,COL,F,12,5,491,0,3,9,3,0,0/0,0,0,0.00,0.0
302,Victor Ulloa,MIA,M,23,17,1434,0,3,10,1,0,0/0,0,0,0.00,0.0
303,Alexander Buttner,NE,D,17,15,1251,0,3,14,1,0,0/0,0,0,0.00,0.0
304,Edison Flores,DC,M,13,11,872,0,3,15,4,0,0/0,0,0,0.00,0.0
305,Gaston Gimenez,CHI,M,18,17,1557,0,3,21,7,0,0/0,0,0,0.00,0.0
306,Luis Diaz,CLB,M,21,14,1178,0,3,31,13,0,0/0,0,0,0.00,0.0
307,Cristian Gutierrez,VAN,D,12,7,665,0,2,0,0,0,0/0,0,0,0.00,0.0
308,Matt Polster,NE,D,15,8,756,0,2,2,0,0,0/0,0,0,0.00,0.0
309,Emiliano Insua,LA,D,22,22,1891,0,2,2,0,0,0/0,0,0,0.00,0.0
310,Xavier Arreaga,SEA,D,14,13,1147,0,2,3,1,0,0/0,0,0,0.00,0.0
311,Olivier Mbaizo,PHI,D,14,12,1057,0,2,3,2,0,0/0,0,0,0.00,0.0
312,Jaylin Lindsey,SKC,D,12,11,1059,0,2,6,0,0,0/0,0,0,0.00,0.0
313,Rolf Feltscher,LA,D,17,13,1247,0,2,6,1,0,0/0,0,0,0.00,0.0
314,Luis Martins,SKC,D,11,9,773,0,2,6,3,0,0/0,0,0,0.00,0.0
315,Carles Gil,NE,F,6,4,366,0,2,7,2,0,0/1,0,0,0.00,0.0
316,Franco Escobar,ATL,D,16,16,1376,0,2,7,0,0,0/0,0,0,0.00,0.0
317,Joao Moutinho,ORL,D,8,8,685,0,2,7,1,0,0/0,0,0,0.00,0.0
318,Jason Pendant,RBNY,D,20,17,1612,0,2,8,0,0,0/0,0,0,0.00,0.0
319,Jared Stroud,ATX,M,20,11,925,0,2,8,0,0,0/0,0,0,0.00,0.0
320,Derrick Jones,HOU,M,18,9,912,0,2,9,3,0,0/0,0,0,0.00,0.0
321,Nouhou Tolo,SEA,D,22,16,1402,0,2,10,3,0,0/0,0,0,0.00,0.0
322,Adrien Regattin,CIN,M,10,7,630,0,2,10,3,0,0/0,0,0,0.00,0.0
323,Ben Sweat,ATX,D,22,20,1675,0,2,10,5,0,0/0,0,0,0.00,0.0
324,Felipe,DC,M,7,7,630,0,2,11,3,0,0/0,0,0,0.00,0.0
325,Marvin Loria,POR,M,17,9,712,0,2,15,6,0,0/0,0,0,0.00,0.0
326,Ronald Matarrita,CIN,D,21,19,1649,0,2,16,3,0,0/0,0,0,0.00,0.0
327,Andres Perea,ORL,M,23,11,1190,0,2,16,3,0,0/0,0,0,0.00,0.0
328,Bryan Acosta,DAL,M,11,10,759,0,2,17,8,0,0/0,0,0,0.00,0.0
329,Alex Muyl,NSH,M,20,15,1152,0,2,17,5,0,0/0,0,0,0.00,0.0
330,Thomas McNamara,NE,M,18,13,1043,0,2,18,3,0,0/0,0,0,0.00,0.0
331,Jose Andres Martinez,PHI,M,14,14,1148,0,2,20,3,0,0/0,0,0,0.00,0.0
332,Ryan Raposo,VAN,M,15,2,375,0,1,0,0,0,0/0,0,0,0.00,0.0
333,Wyatt Omsberg,CHI,D,5,2,185,0,1,0,0,0,0/0,0,0,0.00,0.0
334,Mustafa Kizza,MTL,D,1,0,19,0,1,0,0,0,0/0,0,0,0.00,0.0
335,Gordon Wild,LA,F,3,0,30,0,1,0,0,0,0/0,0,0,0.00,0.0
336,Andy Najar,LFC,D,8,1,180,0,1,0,0,0,0/0,0,0,0.00,0.0
337,Chris Cadden,CLB,D-M,8,3,353,0,1,0,0,0,0/0,0,0,0.00,0.0
338,Greg Garza,CIN,D,9,7,512,0,1,1,0,0,0/0,0,0,0.00,0.0
339,Dom Dwyer,ORL,F,2,2,124,0,1,1,0,0,0/0,0,0,0.00,0.0
340,Hector Jimenez,ATX,M,8,4,376,0,1,1,0,0,0/0,0,0,0.00,0.0
341,Taylor Washington,NSH,D,14,2,389,0,1,1,0,0,0/0,0,0,0.00,0.0
342,Jeremy Kelly,COL,D,8,2,246,0,1,1,0,0,0/0,0,0,0.00,0.0
343,Mo Adams,ATL,M,13,9,778,0,1,1,0,0,0/0,0,0,0.00,0.0
344,Amadou Dia,SKC,D,12,9,847,0,1,1,0,0,0/0,0,0,0.00,0.0
345,Kwadwo Opoku,LAFC,F,3,0,52,0,1,1,0,0,0/0,0,0,0.00,0.0
346,Sean Nealis,RBNY,D,6,5,453,0,1,2,0,0,0/0,0,0,0.00,0.0
347,Moses Nyeman,DC,M,11,5,490,0,1,2,0,0,0/0,0,0,0.00,0.0
348,Tim Parker,HOU,D,19,18,1620,0,1,2,1,0,0/0,0,0,0.00,0.0
349,John Nelson,DAL,D,11,8,705,0,1,2,1,0,0/0,0,0,0.00,0.0
350,Eric Calvillo,SJ,M,6,1,184,0,1,2,1,0,0/0,0,0,0.00,0.0
351,Tony Gallacher,TOR,D,9,5,464,0,1,2,0,0,0/0,0,0,0.00,0.0
352,Jesus David Murillo,LAFC,D,5,5,405,0,1,2,0,0,0/0,0,0,0.00,0.0
353,Joel Waterman,MTL,D,7,6,549,0,1,2,0,0,0/0,0,0,0.00,0.0
354,Jordan Harvey,LAFC,D,11,8,757,0,1,2,0,0,0/0,0,0,0.00,0.0
355,Roberto Puncec,SKC,D,20,18,1675,0,1,3,1,0,0/0,0,0,0.00,0.0
356,Jorge Corrales,MTL,D,14,12,1069,0,1,3,0,0,0/0,0,0,0.00,0.0
357,Emmanuel Boateng,NE,M,10,3,323,0,1,3,1,0,0/0,0,0,0.00,0.0
358,Jordy Delem,SEA,M,17,9,737,0,1,3,0,0,0/0,0,0,0.00,0.0
359,Alex Roldan,SEA,M,18,3,571,0,1,3,0,0,0/0,0,0,0.00,0.0
360,Auston Trusty,COL,D,8,5,525,0,1,3,1,0,0/0,0,0,0.00,0.0
361,Inbeom Hwang,VAN,M,5,5,450,0,1,3,0,0,0/0,0,0,0.00,0.0
362,Diego Palacios,LAFC,D,16,15,1230,0,1,4,0,0,0/0,0,0,0.00,0.0
363,Pablo Bonilla,POR,D,12,10,888,0,1,4,0,0,0/0,0,0,0.00,0.0
364,Alistair Johnston,NSH,D,18,15,1366,0,1,4,3,0,0/0,0,0,0.00,0.0
365,Joseph Mora,DC,D,21,19,1585,0,1,4,0,0,0/0,0,0,0.00,0.0
366,Auro,TOR,D,18,17,1493,0,1,4,3,0,0/0,0,0,0.00,0.0
367,Reggie Cannon,DAL,D,5,5,450,0,1,4,2,0,0/0,0,0,0.00,0.0
368,Bressan,DAL,D,18,11,1167,0,1,4,1,0,0/0,0,0,0.00,0.0
369,Andy Rose,VAN,M,13,10,854,0,1,4,2,0,0/0,0,0,0.00,0.0
370,Josh Williams,CLB,D,12,11,1021,0,1,4,2,0,0/0,0,0,0.00,0.0
371,Russell Teibert,VAN,M,20,19,1585,0,1,5,4,0,0/0,0,0,0.00,0.0
372,Gudmundur Thórarinsson,NYC,D,19,7,683,0,1,5,1,0,0/0,0,0,0.00,0.0
373,Raymon Gaddis,PHI,D,15,15,1271,0,1,5,1,0,0/0,0,0,0.00,0.0
374,James Sands,NYC,M,16,16,1409,0,1,5,0,0,0/0,0,0,0.00,0.0
375,Kevin Paredes,DC,M,17,9,944,0,1,5,3,0,0/0,0,0,0.00,0.0
376,Sean Davis,RBNY,M,14,13,1086,0,1,6,2,0,0/0,0,0,0.00,0.0
377,Steven Birnbaum,DC,D,10,10,900,0,1,7,0,0,0/0,0,0,0.00,0.0
378,Anton Walkes,ATL,D,17,15,1335,0,1,7,3,0,0/0,0,0,0.00,0.0
379,Donny Toia,RSL,D,20,19,1674,0,1,7,0,0,0/0,0,0,0.00,0.0
380,Marc Rzatkowski,NY,M,16,7,698,0,1,7,3,0,0/0,0,0,0.00,0.0
381,Ilie Sanchez,SKC,M,15,13,1259,0,1,7,1,0,0/0,0,0,0.00,0.0
382,Chris Mavinga,TOR,D,19,17,1515,0,1,7,1,0,0/0,0,0,0.00,0.0
383,Michael Bradley,TOR,M,12,11,1060,0,1,7,2,0,0/0,0,0,0.00,0.0
384,Matt Hedges,DAL,D,19,18,1538,0,1,8,2,0,0/0,0,0,0.00,0.0
385,Thiago Santos,DAL,M,20,19,1623,0,1,8,0,0,0/0,0,0,0.00,0.0
386,Felipe Hernandez,SKC,M,16,8,778,0,1,8,0,0,0/0,0,0,0.00,0.0
387,Kyle Smith,ORL,D,16,11,1026,0,1,8,5,0,0/0,0,0,0.00,0.0
388,Nick DePuy,LA,D,16,15,1409,0,1,9,3,0,0/0,0,0,0.00,0.0
389,Zachary Brault-Guillard,MTL,D,21,19,1789,0,1,10,0,0,0/0,0,0,0.00,0.0
390,Junior Moreno,DC,M,20,20,1721,0,1,10,3,0,0/0,0,0,0.00,0.0
391,Leonard Owusu,VAN,M,20,14,1301,0,1,10,0,0,0/0,0,0,0.00,0.0
392,Miguel Angel Navarro,CHI,D,19,10,971,0,1,11,1,0,0/0,0,0,0.00,0.0
393,Marky Delgado,TOR,M,19,18,1448,0,1,11,4,0,0/0,0,0,0.00,0.0
394,Robbie Robinson,MIA,F,12,4,426,0,1,11,2,0,0/0,0,0,0.00,0.0
395,Yony Gonzalez,LA,M,9,7,481,0,1,13,6,0,0/0,0,0,0.00,0.0
396,Brandon Bye,NE,D,22,18,1636,0,1,13,2,0,0/0,0,0,0.00,0.0
397,Tanner Tessmann,DAL,M,19,9,1001,0,1,16,4,0,0/0,0,0,0.00,0.0
398,Aaron Herrera,RSL,D,20,20,1796,0,1,17,2,0,0/0,0,0,0.00,0.0
399,Elliot Collier,CHI,F,21,2,519,0,1,20,7,0,0/0,0,0,0.00,0.0
400,Mark Segbers,LFC,D,0,0,0,0,0,0,0,0,0/0,0,0,0.00,0.0
401,JJ Williams,ATL,F,1,0,6,0,0,0,0,0,0/0,0,0,0.00,0.0
402,Kevin Partida,MIN,M,0,0,0,0,0,0,0,0,0/0,0,0,0.00,0.0
403,Georges Mukumbilwa,VAN,D-M,0,0,0,0,0,0,0,0,0/0,0,0,0.00,0.0
404,Juan Pablo Torres,NYC,M,2,0,2,0,0,0,0,0,0/0,0,0,0.00,0.0
405,Griffin Dorsey,TOR,M,1,0,4,0,0,0,0,0,0/0,0,0,0.00,0.0
406,Aboubacar Keita,CLB,D,11,10,942,0,0,0,0,0,0/0,0,0,0.00,0.0
407,Jack Maher,NSH,D,3,2,127,0,0,0,0,0,0/0,0,0,0.00,0.0
408,Edwin Cerrillo,DAL,M,2,0,17,0,0,0,0,0,0/0,0,0,0.00,0.0
409,Thomas Roberts,DAL,M,0,0,0,0,0,0,0,0,0/0,0,0,0.00,0.0
410,George Campbell,ATL,D,1,0,46,0,0,0,0,0,0/0,0,0,0.00,0.0
411,Clement Bayiha,MTL,M,4,1,66,0,0,0,0,0,0/0,0,0,0.00,0.0
412,Mathieu Choiniere,MTL,M,0,0,0,0,0,0,0,0,0/0,0,0,0.00,0.0
413,Jacob Akanyirige,SJ,D,1,1,69,0,0,0,0,0,0/0,0,0,0.00,0.0
414,Gilbert Fuentes,SJ,M,1,0,5,0,0,0,0,0,0/0,0,0,0.00,0.0
415,Andre Reynolds II,CHI,D,2,0,16,0,0,0,0,0,0/0,0,0,0.00,0.0
416,Nicholas Slonina,CHI,D,0,0,0,0,0,0,0,0,0/0,0,0,0.00,0.0
417,Denso Ulysse,MCF,D,0,0,0,0,0,0,0,0,0/0,0,0,0.00,0.0
418,David Norman Jr.,MCF,M,0,0,0,0,0,0,0,0,0/0,0,0,0.00,0.0
419,Hassan Ndam,CIN,D,0,0,0,0,0,0,0,0,0/0,0,0,0.00,0.0
420,Luis Argudo,MCF,M,1,0,11,0,0,0,0,0,0/0,0,0,0.00,0.0
421,Patrick Metcalfe,VAN,M,7,2,200,0,0,0,0,0,0/0,0,0,0.00,0.0
422,Julian Dunn,TOR,D,0,0,0,0,0,0,0,0,0/0,0,0,0.00,0.0
423,Noble Okello,TOR,M,1,0,22,0,0,0,0,0,0/0,0,0,0.00,0.0
424,Eddie Munjoma,DAL,D,0,0,0,0,0,0,0,0,0/0,0,0,0.00,0.0
425,Milan Iloski,RSL,F,1,0,1,0,0,0,0,0,0/0,0,0,0.00,0.0
426,Miguel Nazarit,NSH,D,0,0,0,0,0,0,0,0,0/0,0,0,0.00,0.0
427,Wan Kuzain Wan Kamal,SKC,M,0,0,0,0,0,0,0,0,0/0,0,0,0.00,0.0
428,Matt Hundley,COL,F,0,0,0,0,0,0,0,0,0/0,0,0,0.00,0.0
429,Luiz Fernando,ATL,M,0,0,0,0,0,0,0,0,0/0,0,0,0.00,0.0
430,Shamit Shome,MTL,M,12,4,282,0,0,0,0,0,0/0,0,0,0.00,0.0
431,Chris Lema,NY,M,0,0,0,0,0,0,0,0,0/0,0,0,0.00,0.0
432,Matej Oravec,PHI,M,0,0,0,0,0,0,0,0,0/0,0,0,0.00,0.0
433,Wilson Harris,SKC,F,0,0,0,0,0,0,0,0,0/0,0,0,0.00,0.0
434,Rocco Romeo,TOR,D,0,0,0,0,0,0,0,0,0/0,0,0,0.00,0.0
435,Luis Arriaga,RSL,F,0,0,0,0,0,0,0,0,0/0,0,0,0.00,0.0
436,Marcelo Palomino,HOU,M,3,0,21,0,0,0,0,0,0/0,0,0,0.00,0.0
437,David Loera,ORL,M,2,0,15,0,0,0,0,0,0/0,0,0,0.00,0.0
438,Blake Bodily,POR,M,0,0,0,0,0,0,0,0,0/0,0,0,0.00,0.0
439,Jeremiah Gutjahr,CHI,M,0,0,0,0,0,0,0,0,0/0,0,0,0.00,0.0
440,Grant Lillard,CLB,D,0,0,0,0,0,0,0,0,0/0,0,0,0.00,0.0
441,Christian Makoun,MIA,D,4,2,187,0,0,0,0,0,0/0,0,0,0.00,0.0
442,Patrick Seagrist,MIA,D,3,3,246,0,0,0,0,0,0/0,0,0,0.00,0.0
443,Francis Atuahene,DAL,F,0,0,0,0,0,0,0,0,0/0,0,0,0.00,0.0
444,Tommy McCabe,CIN,M,1,0,12,0,0,0,0,0,0/0,0,0,0.00,0.0
445,Alvin Jones,RSL,D,0,0,0,0,0,0,0,0,0/0,0,0,0.00,0.0
446,Harry Shipp,SEA,M,2,0,38,0,0,0,0,0,0/0,0,0,0.00,0.0
447,Foster Langsdorf,MIN,M,1,0,10,0,0,0,0,0,0/0,0,0,0.00,0.0
448,Renzo Zambrano,POR,M,5,1,98,0,0,0,0,0,0/0,0,0,0.00,0.0
449,Janio Bikel,VAN,D,12,12,948,0,0,0,0,0,0/0,0,0,0.00,0.0
450,Danilo Acosta,LA,D,0,0,0,0,0,0,0,0,0/0,0,0,0.00,0.0
451,Isaac Angking,NE,M,0,0,0,0,0,0,0,0,0/0,0,0,0.00,0.0
452,Justin Dhillon,SEA,F,1,0,5,0,0,0,0,0,0/0,0,0,0.00,0.0
453,Deklan Wynne,COL,D,0,0,0,0,0,0,0,0,0/0,0,0,0.00,0.0
454,Noah Billingsley,MIN,D,1,0,6,0,0,0,0,0,0/0,0,0,0.00,0.0
455,Tanner Dieterich,NSH,M,0,0,0,0,0,0,0,0,0/0,0,0,0.00,0.0
456,Jack Skahan,SJ,M,1,0,11,0,0,0,0,0,0/0,0,0,0.00,0.0
457,Gedion Zelalem,NYC,M,1,0,14,0,0,0,0,0,0/0,0,0,0.00,0.0
458,Luke Mulholland,RSL,M,0,0,0,0,0,0,0,0,0/0,0,0,0.00,0.0
459,Josh Sims,NY,M,2,0,45,0,0,0,0,0,0/0,0,0,0.00,0.0
460,Alex De John,ORL,D,6,0,54,0,0,0,0,0,0/0,0,0,0.00,0.0
461,Michael Salazar,HOU,F,1,0,12,0,0,0,0,0,0/0,0,0,0.00,0.0
462,Caleb Stanko,CIN,M,13,5,470,0,0,0,0,0,0/0,0,0,0.00,0.0
463,Ken Tribbett,NSH,D,0,0,0,0,0,0,0,0,0/0,0,0,0.00,0.0
464,Jerome Kiesewetter,MCF,F,2,0,23,0,0,0,0,0,0/0,0,0,0.00,0.0
465,Alejandro Guido,LAFC,M,0,0,0,0,0,0,0,0,0/0,0,0,0.00,0.0
466,Andrew Farrell,NE,D,20,19,1711,0,0,0,0,0,0/0,0,0,0.00,0.0
467,Eriq Zavaleta,TOR,D,5,3,282,0,0,0,0,0,0/0,0,0,0.00,0.0
468,Waylon Francis,CLB,D,4,2,196,0,0,0,0,0,0/0,0,0,0.00,0.0
469,Sebastien Ibeagha,NYC,D,7,2,282,0,0,0,0,0,0/0,0,0,0.00,0.0
470,Jordan Hamilton,CLB,F,2,0,13,0,0,0,0,0,0/0,0,0,0.00,0.0
471,James Musa,MIN,D-M,6,2,155,0,0,0,0,0,0/0,0,0,0.00,0.0
472,Ashtone Morgan,RSL,D,0,0,0,0,0,0,0,0,0/0,0,0,0.00,0.0
473,Brayan Beckeles,NSH,D,2,1,72,0,0,0,0,0,0/0,0,0,0.00,0.0
474,Oriol Rosell,ORL,M-D,8,8,585,0,0,0,0,0,0/0,0,0,0.00,0.0
475,Jimmy McLaughlin,CIN,M,1,0,1,0,0,0,0,0,0/0,0,0,0.00,0.0
476,Vito Wormgoor,CLB,D,2,2,107,0,0,0,0,0,0/0,0,0,0.00,0.0
477,Aurelien Collin,PHI,D,0,0,0,0,0,0,0,0,0/0,0,0,0.00,0.0
478,Antonio Mlinar Delamea,NE,D,5,4,319,0,0,0,0,0,0/0,0,0,0.00,0.0
479,Seth Sinovic,NE,D,1,0,13,0,0,0,0,0,0/0,0,0,0.00,0.0
480,Kamohelo Mokotjo,CIN,M,9,6,551,0,0,0,0,0,0/0,0,0,0.00,0.0
481,A.J. DeLaGarza,NE,D,5,5,427,0,0,0,0,0,0/0,0,0,0.00,0.0
482,Danilo Silva,LFC,D,1,1,39,0,0,0,0,0,0/0,0,0,0.00,0.0
483,Botond Barath,SKC,D,0,0,0,0,0,0,0,0,0/0,0,0,0.00,0.0
484,Felipe Gutiérrez,SKC,M,0,0,0,0,0,0,0,0,0/0,0,0,0.00,0.0
485,Steven Beitashour,COL,D,0,0,0,0,0,0,0,0,0/0,0,0,0.00,0.0
486,Simon Colyn,VAN,M,0,0,0,0,0,0,0,0,0/0,0,0,0.00,0.0
487,Damiano Pecile,VAN,M,1,0,1,0,0,0,0,0,0/0,0,0,0.00,0.0
488,Gianfranco Facchineri,VAN,D,0,0,0,0,0,0,0,0,0/0,0,0,0.00,0.0
489,Tyler Freeman,SKC,F,0,0,0,0,0,0,0,0,0/0,0,0,0.00,0.0
490,Danny Leyva,SEA,M,2,1,56,0,0,0,0,0,0/0,0,0,0.00,0.0
491,Javier Casas,CHI,M,0,0,0,0,0,0,0,0,0/0,0,0,0.00,0.0
492,Tyler Wolff,ATL,M,5,1,118,0,0,0,0,0,0/0,0,0,0.00,0.0
493,Tayvon Gray,NYC,D,0,0,0,0,0,0,0,0,0/0,0,0,0.00,0.0
494,Diedie Traore,LA,D,6,0,85,0,0,0,0,0,0/0,0,0,0.00,0.0
495,Jack de Vries,PHI,M-F,4,0,12,0,0,0,0,0,0/0,0,0,0.00,0.0
496,Cole Turner,PHI,M,1,0,3,0,0,0,0,0,0/0,0,0,0.00,0.0
497,John Tolkin,RBNY,D,0,0,0,0,0,0,0,0,0/0,0,0,0.00,0.0
498,Damian Rivera,NE,M,0,0,0,0,0,0,0,0,0/0,0,0,0.00,0.0
499,Alfonso Ocampo-Chavez,SEA,F,0,0,0,0,0,0,0,0,0/0,0,0,0.00,0.0
500,Erik McCue,HOU,D,0,0,0,0,0,0,0,0,0/0,0,0,0.00,0.0
501,Josh Atencio,SEA,M,5,0,11,0,0,0,0,0,0/0,0,0,0.00,0.0
502,Julian Vazquez,RSL,F,0,0,0,0,0,0,0,0,0/0,0,0,0.00,0.0
503,Justin Haak,NYC,M,0,0,0,0,0,0,0,0,0/0,0,0,0.00,0.0
504,Joe Scally,NYC,D,4,1,70,0,0,0,0,0,0/0,0,0,0.00,0.0
505,Carlos Harvey,LA,M,6,1,104,0,0,0,0,0,0/0,0,0,0.00,0.0
506,Michee Ngalina,PHI,F,0,0,0,0,0,0,0,0,0/0,0,0,0.00,0.0
507,Steeven Saba,MTL,M,0,0,0,0,0,0,0,0,0/0,0,0,0.00,0.0
508,Sam Gleadle,MIN,M,0,0,0,0,0,0,0,0,0/0,0,0,0.00,0.0
509,Alexander Alvarado,ORL,F,2,0,25,0,0,0,0,0,0/0,0,0,0.00,0.0
510,Kyle Adams,HOU,D,0,0,0,0,0,0,0,0,0/0,0,0,0.00,0.0
511,Ema Twumasi,DAL,F,4,0,35,0,0,0,0,0,0/0,0,0,0.00,0.0
512,Santiago Patiño,ORL,F,2,0,8,0,0,0,0,0,0/0,0,0,0.00,0.0
513,Callum Montgomery,MIN,D,0,0,0,0,0,0,0,0,0/0,0,0,0.00,0.0
514,Christopher Garcia,RSL,F,1,0,1,0,0,0,0,0,0/0,0,0,0.00,0.0
515,Casey Walls,SJ,D,0,0,0,0,0,0,0,0,0/0,0,0,0.00,0.0
516,Keesean Ferdinand,MTL,D,0,0,0,0,0,0,0,0,0/0,0,0,0.00,0.0
517,Tomas Giraldo,MTL,M,0,0,0,0,0,0,0,0,0/0,0,0,0.00,0.0
518,Michael Halliday,ORL,D,0,0,0,0,0,0,0,0,0/0,0,0,0.00,0.0
519,Nicolas Acevedo,NYC,M,12,1,128,0,0,0,0,0,0/0,0,0,0.00,0.0
520,Jonathan Perez,LA,M,0,0,0,0,0,0,0,0,0/0,0,0,0.00,0.0
521,Erik Dueñas,LAFC,D,2,0,34,0,0,0,0,0,0/0,0,0,0.00,0.0
522,Miguel Berry,CLB,F,0,0,0,0,0,0,0,0,0/0,0,0,0.00,0.0
523,Nkosi Burgess,DAL,D,0,0,0,0,0,0,0,0,0/0,0,0,0.00,0.0
524,Tony Leone,LAFC,D,0,0,0,0,0,0,0,0,0/0,0,0,0.00,0.0
525,Zac McGraw,POR,D,0,0,0,0,0,0,0,0,0/0,0,0,0.00,0.0
526,Mohamed Traore,LAFC,D,1,1,45,0,0,1,0,0,0/0,0,0,0.00,0.0
527,Jahkeele Marshall-Rutty,TOR,M,1,0,18,0,0,1,1,0,0/0,0,0,0.00,0.0
528,Jacob Shaffelburg,TOR,M-F,4,1,125,0,0,1,0,0,0/0,0,0,0.00,0.0
529,Carlos Teran,CHI,D,2,0,14,0,0,1,0,0,0/0,0,0,0.00,0.0
530,Thomas Chacon,MIN,M,4,1,172,0,0,1,1,0,0/0,0,0,0.00,0.0
531,Siad Haji,SJ,M,4,0,49,0,0,1,1,0,0/0,0,0,0.00,0.0
532,Brian Gutierrez,CHI,M,6,0,27,0,0,1,1,0,0/0,0,0,0.00,0.0
533,Jordan Bender,ORL,M,2,1,46,0,0,1,0,0,0/0,0,0,0.00,0.0
534,Ralph Priso,TOR,M,4,1,159,0,0,1,0,0,0/0,0,0,0.00,0.0
535,Ethan Dobbelaere,SEA,M,1,1,54,0,0,1,0,0,0/0,0,0,0.00,0.0
536,Collen Warner,COL,M,7,4,263,0,0,1,0,0,0/0,0,0,0.00,0.0
537,Johan Kappelhof,CHI,D,4,2,200,0,0,1,0,0,0/0,0,0,0.00,0.0
538,Mathieu Deplagne,CIN,D,15,13,1175,0,0,1,0,0,0/0,0,0,0.00,0.0
539,Jorge Moreira,POR,D,1,1,89,0,0,1,0,0,0/0,0,0,0.00,0.0
540,Matt Besler,ATX,D,10,9,810,0,0,1,0,0,0/0,0,0,0.00,0.0
541,Rod Fanni,MTL,D,12,10,946,0,0,1,0,0,0/0,0,0,0.00,0.0
542,Michael Mancienne,NE,D,5,4,316,0,0,1,0,0,0/0,0,0,0.00,0.0
543,Warren Creavalle,PHI,M,11,4,379,0,0,1,0,0,0/0,0,0,0.00,0.0
544,Mohammed Abu,DC,M,6,4,332,0,0,1,0,0,0/0,0,0,0.00,0.0
545,Adama Diomande,LFC,F,1,0,16,0,0,1,0,0,0/0,0,0,0.00,0.0
546,Josef Martinez,ATL,F,1,1,69,0,0,1,0,0,0/0,0,0,0.00,0.0
547,Chris Duvall,POR,D,10,9,745,0,0,1,0,0,0/0,0,0,0.00,0.0
548,Micheal Azira,CHI,M,6,1,125,0,0,1,0,0,0/0,0,0,0.00,0.0
549,Eric Miller,NSH,D,6,5,435,0,0,1,0,0,0/0,0,0,0.00,0.0
550,Jimmy Medranda,SEA,D,3,0,20,0,0,1,1,0,0/0,0,0,0.00,0.0
551,Alvas Powell,MCF,D,4,2,197,0,0,1,1,0,0/0,0,0,0.00,0.0
552,Oniel Fisher,LA,D,15,6,673,0,0,1,0,0,0/0,0,0,0.00,0.0
553,Amro Tarek,RBNY,D,12,10,935,0,0,1,0,0,0/0,0,0,0.00,0.0
554,Zico Bailey,CIN,D,5,3,296,0,0,1,0,0,0/0,0,0,0.00,0.0
555,Luis Felipe,SJ,M,5,2,197,0,0,1,1,0,0/0,0,0,0.00,0.0
556,Brent Kallman,MIN,D,4,3,271,0,0,1,1,0,0/0,0,0,0.00,0.0
557,Alejandro Fuenmayor,HOU,D,5,3,301,0,0,1,0,0,0/0,0,0,0.00,0.0
558,Graham Smith,SKC,D,4,4,315,0,0,1,0,0,0/0,0,0,0.00,0.0
559,Ronaldo Peña,HOU,F,1,0,38,0,0,1,0,0,0/0,0,0,0.00,0.0
560,Shandon Hopeau,SEA,F,5,1,81,0,0,1,0,0,0/0,0,0,0.00,0.0
561,Brandt Bronico,CLT,M,10,3,275,0,0,1,0,0,0/0,0,0,0.00,0.0
562,Rodrigo Schlegel,ORL,D,10,7,645,0,0,1,0,0,0/0,0,0,0.00,0.0
563,Tate Schmitt,RSL,M,4,3,254,0,0,1,0,0,0/0,0,0,0.00,0.0
564,Rashawn Dally,CIN,F,4,0,68,0,0,1,0,0,0/0,0,0,0.00,0.0
565,Erik Holt,RSL,D,7,4,383,0,0,2,0,0,0/0,0,0,0.00,0.0
566,Matt LaGrassa,NSH,M,8,4,376,0,0,2,1,0,0/0,0,0,0.00,0.0
567,Cameron Duke,SKC,M,8,2,218,0,0,2,1,0,0/0,0,0,0.00,0.0
568,Justin Portillo,RSL,M,5,3,265,0,0,2,0,0,0/0,0,0,0.00,0.0
569,Marlon Hairston,CLB,M,9,4,405,0,0,2,0,0,0/0,0,0,0.00,0.0
570,Justin Rennicks,NE,F,4,0,29,0,0,2,0,0,0/0,0,0,0.00,0.0
571,Nico Lemoine,HOU,F,11,0,163,0,0,2,0,0,0/0,0,0,0.00,0.0
572,Saad Abdul-Salaam,CIN,D,8,5,424,0,0,2,0,0,0/0,0,0,0.00,0.0
573,Axel Sjöberg,CLB,D,2,2,171,0,0,2,1,0,0/0,0,0,0.00,0.0
574,Joey DeZart,ORL,M,11,4,373,0,0,2,1,0,0/0,0,0,0.00,0.0
575,Luka Stojanovic,CHI,M,2,1,60,0,0,2,1,0,0/0,0,0,0.00,0.0
576,Erik Godoy,VAN,D,12,11,940,0,0,2,0,0,0/0,0,0,0.00,0.0
577,Scott Caldwell,NE,M,18,15,1155,0,0,2,0,0,0/0,0,0,0.00,0.0
578,Dairon Asprilla,POR,M-F,3,0,46,0,0,2,0,0,0/0,0,0,0.00,0.0
579,Shane O'Neill,SEA,D,18,13,1238,0,0,2,0,0,0/0,0,0,0.00,0.0
580,Brad Smith,SEA,D,5,1,148,0,0,2,1,0,0/0,0,0,0.00,0.0
581,Jay Chapman,MIA,M,8,2,200,0,0,2,0,0,0/0,0,0,0.00,0.0
582,Wilfried Zahibo,HOU,M,7,3,298,0,0,2,0,0,0/0,0,0,0.00,0.0
583,Laurent Ciman,TOR,D,12,5,530,0,0,2,1,0,0/0,0,0,0.00,0.0
584,Fernando Meza,ATL,D,13,13,1073,0,0,2,1,0,0/0,0,0,0.00,0.0
585,Edgar Castillo,ATL,D,4,1,145,0,0,2,1,0,0/0,0,0,0.00,0.0
586,Jonathan dos Santos,LA,M,13,7,700,0,0,2,0,0,0/0,0,0,0.00,0.0
587,Danny Wilson,COL,D,9,9,742,0,0,2,1,0,0/0,0,0,0.00,0.0
588,Aljaz Struna,MTL,D,17,16,1436,0,0,2,0,0,0/0,0,0,0.00,0.0
589,Perry Kitchen,CLB,M,21,19,1723,0,0,2,0,0,0/0,0,0,0.00,0.0
590,Dante Sealy,DAL,F,5,0,49,0,0,2,0,0,0/0,0,0,0.00,0.0
591,Aidan Morris,CLB,M,10,2,360,0,0,2,0,0,0/0,0,0,0.00,0.0
592,Karifa Yao,MTL,D,2,1,127,0,0,2,0,0,0/0,0,0,0.00,0.0
593,Jasser Khmiri,VAN,D,5,5,387,0,0,2,0,0,0/0,0,0,0.00,0.0
594,Emil Cuello,LA,M,11,2,232,0,0,2,2,0,0/0,0,0,0.00,0.0
595,Jayden Nelson,TOR,F,7,1,141,0,0,3,0,0,0/0,0,0,0.00,0.0
596,Franko Kovacevic,CIN,F,1,1,90,0,0,3,1,0,0/0,0,0,0.00,0.0
597,Dru Yearwood,RBNY,M,12,8,612,0,0,3,1,0,0/0,0,0,0.00,0.0
598,Cameron Dunbar,LA,F,4,1,82,0,0,3,0,0,0/0,0,0,0.00,0.0
599,Guram Kashia,SJ,D,6,6,488,0,0,3,1,0,0/0,0,0,0.00,0.0
600,Everton Luiz,RSL,M,14,11,919,0,0,3,0,0,0/0,0,0,0.00,0.0
601,Sam Nicholson,COL,F,2,2,174,0,0,3,0,0,0/0,0,0,0.00,0.0
602,Paul Arriola,DC,M-F,1,0,21,0,0,3,0,0,0/0,0,0,0.00,0.0
603,Nick Besler,RSL,M,12,6,569,0,0,3,1,0,0/0,0,0,0.00,0.0
604,Matheus Rossetto,ATL,M,15,10,780,0,0,3,1,0,0/0,0,0,0.00,0.0
605,Jose Bizama,HOU,D,8,6,567,0,0,3,0,0,0/0,0,0,0.00,0.0
606,Robinho,ORL,M,5,2,144,0,0,3,1,0,0/0,0,0,0.00,0.0
607,Liam Fraser,TOR,M,13,4,436,0,0,3,0,0,0/0,0,0,0.00,0.0
608,Brandon Servania,DAL,M,12,4,398,0,0,3,0,0,0/0,0,0,0.00,0.0
609,Marco Farfan,LAFC,D,14,9,854,0,0,3,0,0,0/0,0,0,0.00,0.0
610,Tah Brian Anunga,NSH,M,14,8,779,0,0,3,0,0,0/0,0,0,0.00,0.0
611,Bryce Duke,LAFC,M,11,2,234,0,0,3,1,0,0/0,0,0,0.00,0.0
612,Kamal Miller,MTL,D,12,9,805,0,0,3,0,0,0/0,0,0,0.00,0.0
613,Tristan Blackmon,LAFC,D,14,11,977,0,0,4,1,0,0/0,0,0,0.00,0.0
614,Andrew Gutman,CIN,D,21,15,1441,0,0,4,0,0,0/0,0,0,0.00,0.0
615,Tomas Conechny,POR,M,8,3,182,0,0,4,1,0,0/0,0,0,0.00,0.0
616,Erickson Gallardo,TOR,F-M,5,2,162,0,0,4,2,0,0/0,0,0,0.00,0.0
617,Florian Jungwirth,SJ,D,19,18,1612,0,0,4,1,0,0/0,0,0,0.00,0.0
618,Kyle Beckerman,RSL,M,10,5,389,0,0,4,1,0,0/0,0,0,0.00,0.0
619,Dario Zuparic,POR,D,19,18,1611,0,0,4,4,0,0/0,0,0,0.00,0.0
620,Robin Jansson,ORL,D,22,22,1980,0,0,4,1,0,0/0,0,0,0.00,0.0
621,Jukka Raitala,MIN,D,15,15,1350,0,0,4,3,0,0/0,0,0,0.00,0.0
622,Alan Winn,NSH,F,7,1,239,0,0,4,1,0,0/0,0,0,0.00,0.0
623,Laurence Wyke,ATL,D,7,2,226,0,0,4,1,0,0/0,0,0,0.00,0.0
624,Tanner Beason,SJ,D,9,9,810,0,0,5,0,0,0/0,0,0,0.00,0.0
625,Jeizon Ramirez,RSL,F,10,0,80,0,0,5,1,0,0/0,0,0,0.00,0.0
626,Ranko Veselinovic,VAN,D,18,16,1384,0,0,5,0,0,0/0,0,0,0.00,0.0
627,Justin Morrow,TOR,D,15,11,959,0,0,5,1,0,0/0,0,0,0.00,0.0
628,Fanendo Adi,CLB,F,11,1,175,0,0,5,1,0,0/0,0,0,0.00,0.0
629,Jalil Anibaba,NSH,D,12,6,582,0,0,5,2,0,0/0,0,0,0.00,0.0
630,Roman Torres,MCF,D,8,4,352,0,0,5,0,0,0/0,0,0,0.00,0.0
631,Wil Trapp,MIN,M,21,16,1368,0,0,5,2,0,0/0,0,0,0.00,0.0
632,Victor Cabrera,HOU,D,10,8,656,0,0,5,1,0,0/0,0,0,0.00,0.0
633,Adam Lundkvist,HOU,D,21,21,1819,0,0,6,2,0,0/0,0,0,0.00,0.0
634,Daniel Salloi,SKC,F,7,1,165,0,0,6,3,0,0/0,0,0,0.00,0.0
635,Sebastian Berhalter,ATX,M,9,4,395,0,0,6,0,0,0/0,0,0,0.00,0.0
636,Osvaldo Alonso,MIN,M,10,9,751,0,0,6,1,0,0/0,0,0,0.00,0.0
637,Alvaro Barreal,CIN,M,5,4,326,0,0,6,0,0,0/0,0,0,0.00,0.0
638,Mathias Jorgensen,RBNY,F,8,2,265,0,0,7,1,0,0/0,0,0,0.00,0.0
639,Adrien Perez,DC,F,9,2,299,0,0,7,1,0,0/0,0,0,0.00,0.0
640,Maikel van der Werff,CIN,D,13,11,973,0,0,7,1,0,0/0,0,0,0.00,0.0
641,Tomas Martinez,HOU,M,11,3,343,0,0,7,1,0,0/0,0,0,0.00,0.0
642,Tom Pettersson,CIN,D,15,13,1142,0,0,7,1,0,0/0,0,0,0.00,0.0
643,DeJuan Jones,NE,D,18,13,1134,0,0,7,5,0,0/0,0,0,0.00,0.0
644,Derek Cornelius,VAN,D,13,11,1011,0,0,7,1,0,0/0,0,0,0.00,0.0
645,Bakaye Dibassy,MIN,D,11,10,858,0,0,7,1,0,0/0,0,0,0.00,0.0
646,Manuel Castro,ATL,F,10,3,257,0,0,7,2,0,0/0,0,0,0.00,0.0
647,Anthony Jackson-Hamel,MTL,F,7,2,195,0,0,8,2,0,0/0,0,0,0.00,0.0
648,Samuel Tetteh,NY,F,10,4,328,0,0,8,1,0,0/0,0,0,0.00,0.0
649,Miguel Ibarra,SEA,M,12,3,248,0,0,8,3,0,0/0,0,0,0.00,0.0
650,Michael Boxall,MIN,D,19,19,1710,0,0,8,3,0,0/0,0,0,0.00,0.0
651,Aleksandar Katai,LA,M,2,2,117,0,0,8,0,0,0/0,0,0,0.00,0.0
652,Gustav Svensson,SEA,M,12,11,959,0,0,9,2,0,0/0,0,0,0.00,0.0
653,Matias Vera,HOU,M,20,20,1690,0,0,9,2,0,0/0,0,0,0.00,0.0
654,Ulises Segura,ATX,M,10,7,683,0,0,9,5,0,0/0,0,0,0.00,0.0
655,Miles Robinson,ATL,D,17,16,1393,0,0,9,1,0,0/0,0,0,0.00,0.0
656,Andres Reyes,RBNY,D,13,13,1101,0,0,9,3,0,0/0,0,0,0.00,0.0
657,Dylan Nealis,MIA,D,19,10,1104,0,0,10,1,0,0/0,0,0,0.00,0.0
658,Luis Binks,MTL,D,21,20,1762,0,0,10,1,0,0/0,0,0,0.00,0.0
659,Cristhian Paredes,POR,M,17,9,822,0,0,10,4,0,0/0,0,0,0.00,0.0
660,Kendall Waston,CIN,D,17,17,1528,0,0,10,3,0,0/0,0,0,0.00,0.0
661,Jonathan Mensah,CLB,D,23,23,2070,0,0,10,4,0,0/0,0,0,0.00,0.0
662,Omar Gonzalez,TOR,D,23,21,1871,0,0,11,2,0,0/0,0,0,0.00,0.0
663,Marcelo Silva,RSL,D,15,15,1309,0,0,12,4,0,0/0,0,0,0.00,0.0
664,Boniek Garcia,HOU,M,18,7,819,0,0,12,1,0,0/0,0,0,0.00,0.0
665,Nedum Onuoha,RSL,D,15,15,1318,0,0,12,2,0,0/0,0,0,0.00,0.0
666,Sacha Kljestan,LA,M,15,8,769,0,0,13,4,0,0/0,0,0,0.00,0.0
667,Judson,SJ,M,21,20,1701,0,0,14,1,0,0/0,0,0,0.00,0.0
668,Sebastian Mendez,ORL,M,19,11,1087,0,0,17,3,0,0/0,0,0,0.00,0.0
669,Kelyn Rowe,SEA,M,16,10,896,0,0,17,4,0,0/0,0,0,0.00,0.0
670,Siem de Jong,CIN,M,15,8,793,0,0,18,5,0,0/1,0,0,0.00,0.0
671,Maxime Chanot,NYC,D,20,20,1712,0,0,19,4,0,0/0,0,0,0.00,0.0
672,Nicolas Figal,MIA,D,21,21,1746,0,0,22,9,0,0/0,0,0,0.00,0.0
