"","Player","Team","Season","Position","Minutes","Dribbling","Fouling","Interrupting","Passing","Receiving","Shooting","Goals Added"
"","Cristian Pavón","LAG","2020","W","2048","3.34","0.10","-0.10","-0.02","-0.14","0.34","3.52"
"","Jordan Morris","SEA","2020","W","1766","1.13","-0.19","-0.21","0.11","2.18","0.15","3.16"
"","Diego Rossi","LAFC","2020","W","1851","-0.52","0.03","0.17","0.15","2.01","1.12","2.95"
"","Anton Tinnerholm","NYC","2020","FB","2210","0.46","0.15","0.64","1.15","0.20","0.25","2.85"
"","Darwin Quintero","HOU","2020","W","1822","0.27","-0.20","-0.21","2.15","-0.23","0.67","2.44"
"","Romell Quioto","MTL","2020","ST","1603","0.64","0.29","0.27","-0.28","1.09","0.09","2.09"
"","Mark McKenzie","PHI","2020","CB","2190","0.19","0.22","1.30","-0.03","0.31","0.03","2.02"
"","Alberth Elis","HOU","2020","W","413","0.35","0.18","0.11","0.04","0.95","0.29","1.92"
"","Álvaro Medrán","CHI","2020","DM","2157","0.10","0.08","0.33","1.24","0.01","0.08","1.83"
"","Adam Buksa","NER","2020","ST","1643","0.28","0.03","-0.17","0.31","0.79","0.56","1.80"
"","Chris Mueller","ORL","2020","W","1575","0.03","-0.14","-0.04","-0.18","1.85","0.29","1.80"
"","Rodolfo Pizarro","MIA","2020","AM","1761","-0.03","0.10","-0.16","0.20","0.87","0.80","1.78"
"","Ronald Matarrita","NYC","2020","FB","1809","-0.17","-0.10","1.28","0.80","0.01","-0.04","1.77"
"","Valentín Castellanos","NYC","2020","ST","1493","-0.97","-0.17","0.36","-0.33","2.06","0.79","1.75"
"","Michael Barrios","FCD","2020","W","1819","0.80","0.29","0.10","0.07","0.38","0.05","1.68"
"","Alejandro Bedoya","PHI","2020","CM","1998","0.01","-0.29","0.02","1.27","0.48","0.16","1.64"
"","Diego Chara","POR","2020","DM","1971","0.47","-0.24","0.71","1.01","-0.39","0.04","1.60"
"","Matt Besler","SKC","2020","CB","900","0.43","0.10","0.58","0.67","-0.19","0.00","1.58"
"","Kevin Molino","MIN","2020","W","1364","0.15","0.08","0.41","-0.60","0.51","1.02","1.57"
"","Maynor Figueroa","HOU","2020","CB","1879","0.41","-0.27","0.30","0.61","0.48","-0.06","1.48"
"","Ayo Akinola","TOR","2020","ST","1147","0.38","0.12","-0.36","-0.16","1.27","0.22","1.46"
"","Fabian Herbers","CHI","2020","AM","1459","-0.07","0.15","0.82","-0.56","1.01","0.09","1.45"
"","João Paulo","SEA","2020","DM","1521","0.50","0.13","0.37","0.64","-0.18","-0.06","1.39"
"","Shea Salinas","SJE","2020","W","900","0.47","0.25","0.23","0.20","0.06","0.12","1.34"
"","Sergio Santos","PHI","2020","ST","1304","0.16","0.10","0.67","0.01","0.26","0.12","1.32"
"","Djordje Mihailovic","CHI","2020","W","1279","-0.10","0.26","0.49","0.21","0.10","0.26","1.23"
"","Lewis Morgan","MIA","2020","W","2105","1.25","-0.00","0.30","0.55","-0.64","-0.23","1.23"
"","Lalas Abubakar","COL","2020","CB","1658","0.06","0.10","1.26","0.04","-0.23","-0.01","1.23"
"","Ruan","ORL","2020","FB","1781","0.66","-0.13","0.22","-0.33","0.48","0.30","1.20"
"","Brian Rodríguez","LAFC","2020","W","1562","0.68","0.12","-0.11","-0.19","0.44","0.21","1.15"
"","DeJuan Jones","NER","2020","FB","1242","0.38","0.10","0.32","0.39","-0.07","0.02","1.14"
"","Donovan Pines","DCU","2020","CB","1501","-0.69","0.38","0.74","-0.11","0.61","0.20","1.14"
"","Adam Lundkvist","HOU","2020","FB","1975","-0.09","0.09","1.27","0.01","-0.10","-0.06","1.13"
"","Haris Medunjanin","CIN","2020","DM","1906","-0.21","-0.07","-0.23","1.37","-0.39","0.64","1.11"
"","Fredy Montero","VAN","2020","ST","1158","0.35","0.12","0.14","1.00","-0.56","0.05","1.10"
"","Keaton Parks","NYC","2020","DM","1884","0.39","0.06","-0.95","0.22","0.86","0.50","1.08"
"","Bradley Wright-Phillips","LAFC","2020","ST","1155","-0.51","0.09","-0.05","-0.11","0.92","0.73","1.07"
"","Mark-Anthony Kaye","LAFC","2020","CM","1173","0.29","0.03","0.07","0.26","0.30","0.11","1.06"
"","Tom Barlow","NYRB","2020","ST","1069","-0.13","-0.11","-0.05","-0.08","0.68","0.74","1.05"
"","Lucas Cavallini","VAN","2020","ST","1584","-1.51","0.24","-0.16","-0.22","2.37","0.32","1.04"
"","Matt Hedges","FCD","2020","CB","1695","0.07","-0.20","0.28","0.80","-0.02","0.12","1.04"
"","José Aja","MIN","2020","CB","1171","-0.16","0.03","0.90","-0.18","0.37","0.07","1.03"
"","Eduard Atuesta","LAFC","2020","DM","1472","0.03","-0.00","-0.03","0.89","0.13","-0.00","1.02"
"","Handwalla Bwana","SEA, NSH","2020","W","259","-0.03","-0.04","0.05","-0.16","1.00","0.19","1.01"
"","Steven Birnbaum","DCU","2020","CB","1012","0.01","0.34","0.17","0.23","0.22","0.02","1.00"
"","Leandro González Pirez","MIA","2020","CB","1580","0.03","0.12","0.20","0.29","0.46","-0.11","1.00"
"","Kelvin Leerdam","SEA","2020","FB","1586","-0.04","0.12","-0.40","-0.16","1.32","0.11","0.95"
"","Eryk Williamson","POR","2020","DM","1538","0.40","0.19","-0.03","0.17","0.17","0.04","0.95"
"","Felipe Mora","POR","2020","ST","1312","-0.08","0.24","-0.05","-0.57","1.30","0.10","0.95"
"","Robin Lod","MIN","2020","W","1720","0.95","-0.23","0.17","-0.08","-0.14","0.26","0.94"
"","Michael Boxall","MIN","2020","CB","1868","0.38","-0.21","1.01","-0.45","0.03","0.18","0.93"
"","Memo Rodríguez","HOU","2020","CM","1710","0.13","0.53","-0.38","-0.26","0.25","0.66","0.93"
"","Daniel Steres","LAG","2020","CB","1852","0.08","0.15","0.51","-0.01","0.11","0.10","0.93"
"","Johnny Russell","SKC","2020","W","1656","0.89","0.01","-0.27","-0.14","0.60","-0.18","0.91"
"","Ricardo Pepi","FCD","2020","ST","557","-0.16","-0.06","-0.14","-0.04","0.90","0.41","0.90"
"","Josh Williams","CLB","2020","CB","1119","0.18","0.09","0.43","0.15","0.05","0.00","0.90"
"","Romain Métanire","MIN","2020","FB","1946","0.03","0.46","0.20","0.39","-0.13","-0.08","0.86"
"","Gyasi Zardes","CLB","2020","ST","1849","-0.21","-0.23","-0.19","-0.40","1.53","0.35","0.86"
"","Erik Godoy","VAN","2020","CB","1025","0.18","0.01","0.65","0.25","-0.18","-0.07","0.85"
"","Mohamed El-Munir","LAFC","2020","FB","694","0.45","0.03","-0.06","0.45","0.00","-0.03","0.84"
"","Gerso","SKC","2020","W","925","0.73","-0.03","-0.13","-0.50","0.70","0.06","0.83"
"","Cory Burke","PHI","2020","ST","141","0.06","-0.02","0.03","0.02","0.62","0.12","0.83"
"","Niko Hansen","HOU","2020","W","799","0.84","0.26","0.09","-0.16","0.06","-0.27","0.82"
"","Diego Valeri","POR","2020","AM","1763","-0.39","-0.02","0.04","1.27","-0.35","0.26","0.82"
"","Luis Díaz","CLB","2020","W","1291","0.71","0.61","0.12","-0.24","-0.33","-0.06","0.81"
"","Luis Binks","MTL","2020","CB","1942","0.39","0.04","0.29","0.15","-0.05","-0.01","0.81"
"","Gary Mackay-Steven","NYC","2020","W","1075","0.18","-0.09","-0.02","-0.23","0.65","0.28","0.79"
"","Daniel Royer","NYRB","2020","ST","1445","-0.32","-0.14","0.14","0.43","0.46","0.21","0.79"
"","Bressan","FCD","2020","CB","1298","0.07","0.12","0.41","0.28","-0.25","0.14","0.78"
"","Jan Gregus","MIN","2020","DM","1745","0.31","0.01","0.34","0.17","-0.27","0.17","0.73"
"","Jack Elliott","PHI","2020","CB","1107","-0.41","0.06","0.81","0.14","0.17","-0.03","0.73"
"","Danny Wilson","COL","2020","CB","804","0.09","0.00","0.43","0.33","-0.14","-0.00","0.71"
"","Walker Zimmerman","NSH","2020","CB","2110","0.19","0.12","-0.02","-0.15","0.39","0.18","0.71"
"","Bakaye Dibassy","MIN","2020","CB","938","-0.07","0.07","0.78","-0.27","0.14","0.04","0.70"
"","Kellyn Acosta","COL","2020","DM","1246","0.46","0.03","-0.17","-0.40","0.64","0.14","0.70"
"","Oswaldo Alanís","SJE","2020","CB","1287","0.38","0.12","0.12","0.31","-0.10","-0.13","0.69"
"","Nicolás Lodeiro","SEA","2020","AM","1854","-0.52","0.64","-0.10","0.29","0.09","0.30","0.69"
"","Henry Kessler","NER","2020","CB","1997","0.03","0.24","0.81","-0.06","-0.17","-0.16","0.69"
"","Fernando Meza","ATL","2020","CB","1178","0.22","0.03","0.56","0.12","-0.22","-0.04","0.66"
"","Maxime Chanot","NYC","2020","CB","1887","-0.13","-0.11","-0.08","0.48","0.51","-0.01","0.66"
"","Maximiliano Moralez","NYC","2020","AM","956","0.22","0.18","-0.22","0.24","0.08","0.15","0.65"
"","Kacper Przybylko","PHI","2020","ST","2160","0.21","-0.45","0.20","0.39","0.15","0.15","0.65"
"","Jonathan Osorio","TOR","2020","DM","1533","-0.49","0.06","0.04","0.30","0.48","0.23","0.63"
"","Albert Rusnák","RSL","2020","AM","1388","0.25","-0.06","0.02","0.47","-0.52","0.47","0.63"
"","Richie Laryea","TOR","2020","FB","1498","0.64","0.41","-0.17","-0.16","0.05","-0.15","0.61"
"","Cristian Espinoza","SJE","2020","W","1907","0.86","-0.07","0.51","0.15","-0.47","-0.37","0.61"
"","Gadi Kinda","SKC","2020","CM","1486","-0.04","0.02","-0.20","-0.33","0.78","0.38","0.61"
"","Emanuel Reynoso","MIN","2020","AM","897","0.64","-0.03","0.02","0.49","-0.20","-0.31","0.60"
"","Aaron Herrera","RSL","2020","FB","1944","0.37","-0.27","0.52","-0.15","0.01","0.09","0.58"
"","Justen Glad","RSL","2020","CB","1391","0.22","0.27","0.14","-0.11","-0.02","0.09","0.58"
"","Alexandru Mitrita","NYC","2020","W","775","0.59","0.07","-0.24","0.03","-0.15","0.27","0.58"
"","Winston Reid","SKC","2020","CB","795","0.15","0.05","0.29","-0.23","0.23","0.07","0.57"
"","Justin Rennicks","NER","2020","W","53","0.07","-0.01","-0.01","0.07","0.34","0.11","0.57"
"","Kyle Smith","ORL","2020","FB","1161","-0.18","-0.02","0.57","0.19","-0.18","0.19","0.56"
"","Michael Bradley","TOR","2020","CM","1157","0.10","0.08","0.61","-0.01","-0.21","-0.02","0.56"
"","Ilsinho","PHI","2020","ST","760","0.34","-0.06","0.18","0.25","0.05","-0.21","0.55"
"","Tommy McNamara","HOU, NER","2020","DM","1133","0.00","0.03","0.18","-0.08","0.17","0.23","0.54"
"","Ali Adnan","VAN","2020","FB","1953","-0.16","0.17","0.34","0.64","-0.35","-0.11","0.53"
"","Nicolás Figal","MIA","2020","CB","1929","-0.03","-0.10","0.40","-0.05","0.35","-0.05","0.53"
"","Dax McCarty","NSH","2020","DM","1809","0.02","-0.05","0.65","0.12","-0.12","-0.10","0.52"
"","Dario Zuparic","POR","2020","CB","1772","0.10","-0.07","0.46","-0.18","-0.00","0.21","0.52"
"","Tristan Blackmon","LAFC","2020","FB","1078","0.06","0.03","-0.22","0.33","0.09","0.21","0.51"
"","José Cifuentes","LAFC","2020","CM","1239","0.19","0.05","-0.19","0.28","0.18","0.01","0.51"
"","Joevin Jones","SEA","2020","FB","896","0.37","-0.07","-0.07","-0.09","0.14","0.23","0.51"
"","Osvaldo Alonso","MIN","2020","DM","819","0.11","-0.01","0.43","0.14","-0.12","-0.04","0.51"
"","Justin Morrow","TOR","2020","FB","1053","0.08","0.30","-0.05","-0.17","0.13","0.20","0.49"
"","Patrick Seagrist","NYRB","2020","FB","263","-0.03","-0.04","0.56","0.05","-0.04","-0.00","0.49"
"","Jozy Altidore","TOR","2020","ST","804","-0.68","0.64","-0.23","-0.20","0.65","0.30","0.48"
"","Jeremy Ebobisse","POR","2020","W","1163","-0.45","-0.06","0.15","0.02","0.78","0.03","0.48"
"","Jürgen Damm","ATL","2020","W","700","0.64","0.14","-0.08","0.16","-0.22","-0.16","0.47"
"","Kamal Miller","ORL","2020","FB","901","-0.01","0.02","0.40","0.28","-0.18","-0.03","0.47"
"","Jon Gallagher","ATL","2020","W","1055","0.68","0.68","0.00","-0.47","-0.22","-0.20","0.46"
"","Alan Pulido","SKC","2020","ST","1045","0.87","0.04","-0.08","-0.44","-0.65","0.72","0.46"
"","Eddie Segura","LAFC","2020","CB","2068","0.51","-0.11","-0.26","0.61","-0.02","-0.28","0.46"
"","Emiliano Insúa","LAG","2020","FB","1942","-0.07","0.10","0.48","0.03","-0.05","-0.04","0.44"
"","Sebastián Blanco","POR","2020","W","722","0.32","-0.09","0.17","0.09","-0.04","-0.02","0.43"
"","Maikel van der Werff","CIN","2020","CB","1073","0.27","0.03","-0.14","-0.01","0.17","0.12","0.43"
"","Miles Robinson","ATL","2020","CB","1534","0.20","0.15","-0.16","0.05","0.13","0.04","0.43"
"","Sacha Kljestan","LAG","2020","CM","846","-0.07","-0.05","0.36","0.15","-0.06","0.10","0.42"
"","Jacori Hayes","MIN","2020","DM","657","0.16","0.02","0.14","-0.10","0.21","-0.01","0.41"
"","Nedum Onuoha","RSL","2020","CB","1415","-0.12","0.15","0.10","-0.03","0.15","0.15","0.41"
"","Jared Stroud","NYRB","2020","W","1033","0.12","0.25","0.44","0.24","-0.33","-0.32","0.41"
"","Latif Blessing","LAFC","2020","CM","1878","0.05","-0.18","0.07","-0.07","0.25","0.29","0.41"
"","Tommy Thompson","SJE","2020","FB","1211","-0.11","0.66","-0.10","-0.66","0.37","0.24","0.41"
"","José Bizama","HOU","2020","FB","635","0.03","0.01","0.22","-0.08","0.03","0.20","0.40"
"","Marcos López","SJE","2020","FB","1064","0.11","0.13","0.62","-0.30","-0.05","-0.11","0.40"
"","Kyle Duncan","NYRB","2020","FB","2084","0.11","0.07","0.63","-0.28","-0.12","-0.03","0.39"
"","Raymon Gaddis","PHI","2020","FB","1402","-0.06","0.31","0.14","0.09","-0.13","0.04","0.39"
"","Jorge Moreira","POR","2020","FB","92","0.24","0.01","-0.07","0.09","0.03","0.08","0.38"
"","Wyatt Omsberg","CHI","2020","CB","218","0.04","0.02","0.35","0.02","-0.05","-0.00","0.38"
"","Daniel Ríos","NSH","2020","ST","790","-0.69","-0.11","-0.12","-0.23","1.28","0.25","0.38"
"","Ryan Hollingshead","FCD","2020","FB","1907","0.37","-0.24","0.41","-0.90","0.91","-0.18","0.37"
"","Dairon Asprilla","POR","2020","W","67","0.07","-0.02","0.05","-0.04","0.25","0.05","0.37"
"","Román Torres","MIA, SEA","2020","CB","416","0.02","0.04","0.31","-0.18","0.14","0.04","0.37"
"","Chris Odoi-Atsem","DCU","2020","FB","868","0.12","0.02","0.28","-0.18","0.03","0.08","0.36"
"","Diego Fagundez","NER","2020","DM","1076","-0.17","-0.08","0.11","-0.07","0.17","0.40","0.36"
"","Nicolas Benezet","COL","2020","W","551","-0.13","-0.03","0.32","0.27","-0.10","0.01","0.35"
"","Andreu Fontàs","SKC","2020","CB","292","0.09","0.03","0.11","0.14","-0.07","0.04","0.35"
"","Daniel Lovitz","NSH","2020","FB","2041","0.28","0.05","0.31","-0.08","-0.23","0.01","0.35"
"","Valeri Qazaishvili","SJE","2020","W","866","0.27","-0.07","-0.01","-0.36","0.06","0.44","0.34"
"","Ben Sweat","MIA","2020","FB","1830","-0.07","-0.16","0.51","-0.26","0.15","0.17","0.34"
"","Raheem Edwards","MIN","2020","W","329","-0.60","0.02","0.35","0.19","0.14","0.23","0.33"
"","Lee Nguyen","MIA, NER","2020","AM","917","-0.03","0.19","0.04","0.43","-0.41","0.11","0.33"
"","Rolf Feltscher","LAG","2020","FB","1276","-0.23","-0.20","0.45","-0.08","0.32","0.07","0.33"
"","David Accam","NSH","2020","W","239","0.21","-0.04","-0.09","-0.09","-0.01","0.36","0.33"
"","Ethan Finlay","MIN","2020","W","1035","0.16","-0.16","-0.18","0.03","0.12","0.35","0.33"
"","Maximiliano Urruti","MTL","2020","ST","963","-0.01","-0.08","0.16","-0.62","0.58","0.30","0.33"
"","Kekuta Manneh","NER, CIN","2020","W","288","0.11","-0.01","0.03","0.14","0.02","0.02","0.33"
"","Danny Musovski","LAFC","2020","ST","724","0.07","-0.10","0.12","-0.34","0.41","0.17","0.32"
"","Carles Gil","NER","2020","AM","405","0.40","-0.01","-0.08","0.23","-0.21","-0.01","0.32"
"","Judson","SJE","2020","DM","1814","0.10","-0.07","0.71","0.01","-0.44","-0.01","0.30"
"","Elliot Collier","CHI","2020","W","655","0.50","-0.03","-0.06","-0.31","0.11","0.09","0.30"
"","Kai Koreniuk","LAG","2020","W","33","0.07","-0.00","-0.02","-0.01","0.21","0.05","0.30"
"","Rod Fanni","MTL","2020","CB","1055","0.05","0.09","0.49","-0.10","-0.21","-0.01","0.30"
"","Tony Rocha","NYC","2020","W","114","0.14","-0.02","0.04","0.04","0.06","0.03","0.29"
"","Przemyslaw Frankowski","CHI","2020","W","1593","-1.27","-0.11","-0.02","-0.36","1.53","0.52","0.28"
"","Waylon Francis","CLB","2020","FB","226","-0.03","-0.01","0.31","0.05","-0.05","-0.00","0.28"
"","Mandela Egbo","NYRB","2020","FB","486","-0.02","0.02","0.20","0.16","-0.08","0.00","0.28"
"","Franco Jara","FCD","2020","ST","1491","0.17","-0.21","-0.22","-0.55","0.85","0.23","0.28"
"","Jukka Raitala","MTL","2020","FB","1475","0.00","0.07","-0.06","0.37","-0.10","-0.01","0.28"
"","Diego Palacios","LAFC","2020","FB","1321","-0.02","0.15","0.22","-0.26","0.18","0.01","0.27"
"","Ilie Sánchez","SKC","2020","DM","1390","0.03","0.05","-0.11","-0.01","0.33","-0.01","0.27"
"","Younes Namli","COL","2020","W","1350","1.41","-0.08","-0.15","0.17","-0.83","-0.25","0.26"
"","Tomás Martínez","HOU","2020","CM","400","-0.03","-0.04","0.13","-0.12","0.26","0.07","0.26"
"","Ethan Zubak","LAG","2020","ST","853","-0.15","-0.12","0.05","-0.01","0.41","0.08","0.26"
"","Diedie Traore","LAG","2020","FB","104","-0.01","0.30","-0.06","-0.01","0.02","-0.00","0.25"
"","Paxton Pomykal","FCD","2020","W","180","0.32","0.03","-0.02","0.06","-0.08","-0.06","0.25"
"","Milton Valenzuela","CLB","2020","FB","1578","0.23","-0.21","0.09","0.25","-0.00","-0.11","0.25"
"","Efrain Álvarez","LAG","2020","W","744","0.27","0.23","-0.16","-0.02","-0.30","0.24","0.25"
"","Julian Araujo","LAG","2020","FB","1315","-0.35","-0.15","1.13","-0.31","-0.05","-0.02","0.24"
"","Erik Hurtado","SKC","2020","ST","450","0.38","-0.03","0.00","-0.01","-0.12","0.02","0.24"
"","Alejandro Romero Gamarra","NYRB","2020","AM","1161","-0.32","-0.08","0.30","0.46","-0.10","-0.03","0.23"
"","Shane O'Neill","SEA","2020","CB","1348","0.25","0.09","0.11","-0.03","-0.16","-0.04","0.23"
"","Carlos Vela","LAFC","2020","W","479","-0.21","0.05","-0.17","-0.02","0.21","0.36","0.23"
"","Tajon Buchanan","NER","2020","W","1229","-0.40","0.12","0.06","-0.61","1.04","0.01","0.22"
"","Alex De John","ORL","2020","FB","99","0.03","0.01","0.12","0.06","-0.01","-0.00","0.21"
"","Paul Arriola","DCU","2020","FB","30","0.25","-0.00","-0.02","-0.03","0.03","-0.02","0.21"
"","Saphir Taïder","MTL","2020","CM","1054","-0.21","-0.05","-0.06","0.65","-0.08","-0.03","0.21"
"","Guram Kashia","SJE","2020","CB","544","0.05","-0.21","0.30","0.17","-0.09","-0.02","0.20"
"","João Moutinho","ORL","2020","FB","746","0.17","-0.00","-0.04","0.23","-0.03","-0.13","0.20"
"","Drew Moor","COL","2020","CB","532","0.06","0.05","-0.17","0.09","0.09","0.07","0.19"
"","Johan Kappelhof","CHI","2020","CB","228","0.02","0.03","0.27","-0.07","-0.04","-0.01","0.19"
"","Kelyn Rowe","NER","2020","DM","980","-0.02","-0.01","0.04","-0.18","0.27","0.09","0.19"
"","Julian Gressel","DCU","2020","W","1842","-0.22","-0.36","1.07","0.02","-0.34","0.02","0.18"
"","Siad Haji","SJE","2020","W","69","0.09","0.00","-0.00","-0.04","0.15","-0.02","0.18"
"","Aaron Schoenfeld","MIN","2020","ST","472","-0.08","0.00","-0.09","-0.06","0.31","0.09","0.18"
"","Jeizon Ramírez","RSL","2020","W","140","0.11","-0.01","0.08","0.02","-0.11","0.07","0.17"
"","Kwadwo Opoku","LAFC","2020","W","70","-0.04","0.25","-0.01","-0.04","0.01","0.01","0.17"
"","Amar Sejdic","MTL","2020","CM","767","-0.28","-0.02","0.21","-0.16","0.21","0.21","0.17"
"","Aleksandar Katai","LAG","2020","W","120","-0.10","-0.02","0.02","0.01","0.22","0.02","0.16"
"","Seth Sinovic","NER","2020","FB","20","-0.01","0.00","0.16","0.00","0.00","-0.00","0.16"
"","Andy Rose","VAN","2020","CB","941","0.11","0.05","-0.09","0.10","-0.08","0.06","0.16"
"","Dániel Sallói","SKC","2020","W","199","-0.13","-0.02","0.07","-0.15","0.12","0.26","0.16"
"","Emmanuel Boateng","CLB","2020","W","377","-0.23","-0.09","0.25","0.25","0.00","-0.02","0.16"
"","Jonathan Lewis","COL","2020","W","796","0.77","-0.01","-0.12","-0.14","-0.36","0.01","0.15"
"","Christian Torres","LAFC","2020","W","253","0.04","-0.03","-0.02","0.28","-0.11","-0.01","0.15"
"","Paul Marie","SJE","2020","FB","408","0.05","0.27","-0.11","-0.27","0.08","0.12","0.15"
"","Keegan Rosenberry","COL","2020","FB","1493","0.09","0.04","0.44","-0.12","-0.23","-0.07","0.15"
"","Matt Polster","NER","2020","DM","841","-0.14","0.21","-0.17","0.37","-0.04","-0.08","0.15"
"","Carlos Fierro","SJE","2020","W","1050","-0.44","-0.01","-0.34","-0.04","0.56","0.40","0.14"
"","Ariel Lassiter","HOU","2020","W","1027","-0.19","-0.04","-0.32","-0.53","0.91","0.31","0.14"
"","Nick Hagglund","CIN","2020","CB","822","0.03","0.05","-0.46","0.31","0.31","-0.10","0.13"
"","Federico Higuaín","DCU, MIA","2020","AM","267","0.06","-0.04","-0.03","-0.06","0.10","0.10","0.12"
"","Bryan Reynolds","FCD","2020","FB","1399","0.05","-0.05","-0.12","0.26","0.02","-0.04","0.12"
"","Michael Mancienne","NER","2020","CB","349","-0.14","0.07","0.30","-0.02","-0.06","-0.03","0.12"
"","James Sands","NYC","2020","DM","1539","0.11","0.06","0.09","-0.05","-0.19","0.09","0.12"
"","Cade Cowell","SJE","2020","W","553","0.23","-0.03","0.33","-0.03","-0.20","-0.19","0.11"
"","Erick Torres","ATL","2020","ST","569","-0.54","-0.04","-0.12","-0.11","0.59","0.33","0.11"
"","Jonathan Bornstein","CHI","2020","FB","1258","-0.18","0.09","0.56","-0.32","-0.06","0.01","0.11"
"","Héctor Jiménez","CLB","2020","FB","431","0.05","-0.22","0.19","0.17","-0.07","-0.02","0.11"
"","Jacob Akanyirige","SJE","2020","CB","73","0.06","0.01","0.04","0.01","-0.02","-0.00","0.10"
"","Alex Roldan","SEA","2020","FB","658","-0.04","-0.01","0.31","0.02","-0.15","-0.02","0.10"
"","Gianluca Busio","SKC","2020","DM","1408","0.06","0.06","-0.04","-0.35","0.02","0.35","0.10"
"","Micheal Azira","CHI","2020","DM","163","-0.02","0.01","0.15","0.00","-0.05","-0.00","0.10"
"","Anthony Jackson-Hamel","MTL","2020","ST","240","-0.11","-0.05","0.06","0.05","0.13","0.01","0.10"
"","Juan Agudelo","MIA","2020","ST","940","-0.26","-0.11","0.04","0.13","0.46","-0.15","0.10"
"","Jimmy Medranda","SEA, NSH","2020","FB","35","-0.09","-0.00","0.18","-0.00","-0.00","0.02","0.10"
"","Mustafa Kizza","MTL","2020","W","28","0.00","-0.00","0.12","0.01","-0.03","-0.01","0.10"
"","Eric Calvillo","SJE","2020","CM","209","-0.04","-0.01","0.07","-0.22","0.22","0.06","0.09"
"","Braian Galván","COL","2020","W","280","0.01","-0.05","-0.08","-0.05","0.14","0.12","0.09"
"","Franko Kovacevic","CIN","2020","ST","97","0.03","0.10","0.03","0.03","-0.08","-0.03","0.09"
"","Luis Martins","SKC","2020","FB","861","0.10","0.01","-0.04","0.14","-0.09","-0.03","0.09"
"","Alejandro Pozuelo","TOR","2020","ST","2162","0.63","-0.17","0.02","0.49","-1.00","0.11","0.08"
"","Douglas Martínez","RSL","2020","ST","902","-0.47","0.23","0.18","-0.30","0.33","0.12","0.08"
"","Zico Bailey","CIN","2020","FB","321","0.01","0.00","0.19","-0.05","-0.05","-0.01","0.08"
"","Zdenek Ondrasek","FCD","2020","ST","343","-0.11","-0.01","-0.00","-0.16","0.01","0.36","0.08"
"","Brad Smith","SEA","2020","FB","150","-0.02","0.01","0.15","-0.11","0.07","-0.02","0.08"
"","Karifa Yao","MTL","2020","CB","138","0.01","0.00","0.06","-0.05","0.12","-0.06","0.08"
"","Dave Romney","NSH","2020","CB","2235","-0.50","0.14","0.40","0.16","-0.12","-0.01","0.08"
"","Yeimar Gómez Andrade","SEA","2020","CB","1696","0.04","0.04","-0.38","-0.13","0.51","-0.01","0.07"
"","Amadou Dia","SKC","2020","FB","929","0.06","0.02","0.15","-0.16","0.02","-0.02","0.07"
"","Boris Sekulic","CHI","2020","FB","1975","-0.12","0.07","-0.07","-0.13","0.54","-0.22","0.06"
"","Jack Maher","NSH","2020","CB","134","-0.01","0.01","0.15","-0.06","-0.03","-0.00","0.06"
"","Fanendo Adi","CLB","2020","ST","241","-0.17","0.00","-0.01","-0.01","0.27","-0.02","0.06"
"","Auro","TOR","2020","FB","1628","-0.09","0.05","-0.08","0.07","0.10","0.02","0.06"
"","Bill Tuiloma","POR","2020","CB","915","0.22","0.06","-0.30","-0.12","0.19","-0.00","0.05"
"","Lassi Lappalainen","MTL","2020","FB","748","0.41","-0.04","-0.22","-0.25","0.10","0.05","0.05"
"","Artur","CLB","2020","DM","2008","-0.03","0.22","0.65","-0.43","-0.21","-0.16","0.05"
"","Kendall Waston","CIN","2020","CB","1677","0.03","-0.09","0.16","-0.17","0.17","-0.06","0.04"
"","Aníbal Godoy","NSH","2020","DM","1606","0.10","0.09","0.16","-0.02","-0.22","-0.07","0.03"
"","Edgar Castillo","ATL","2020","FB","174","0.18","0.01","-0.14","-0.06","-0.01","0.06","0.03"
"","Liam Fraser","TOR","2020","CM","504","0.01","-0.05","0.31","0.07","-0.23","-0.07","0.03"
"","Nani","ORL","2020","W","1594","0.25","-0.01","-0.16","0.37","-0.66","0.25","0.03"
"","Michael Baldisimo","VAN","2020","CM","789","-0.35","0.03","0.83","-0.31","-0.10","-0.06","0.03"
"","Miguel Ibarra","SEA","2020","W","304","-0.09","-0.02","-0.03","-0.17","0.25","0.09","0.03"
"","Krisztián Németh","CLB","2020","ST","214","-0.21","-0.03","0.08","-0.09","0.21","0.07","0.03"
"","Dejan Jakovic","LAFC","2020","CB","1192","-0.15","-0.41","0.39","0.24","-0.09","0.03","0.02"
"","Ike Opara","MIN","2020","CB","196","0.00","-0.00","-0.03","-0.06","0.07","0.03","0.02"
"","Noble Okello","TOR","2020","CM","29","0.00","-0.00","0.01","0.02","-0.01","-0.00","0.02"
"","Boniek García","HOU","2020","CM","926","-0.00","-0.02","0.12","-0.08","0.02","-0.01","0.02"
"","Tommy McCabe","CIN","2020","AM","18","0.02","-0.00","-0.01","0.02","-0.02","-0.00","0.01"
"","Danilo Silva","LAFC","2020","CB","39","-0.00","0.01","0.01","0.01","-0.01","-0.00","0.01"
"","Alexander Alvarado","ORL","2020","ST","36","-0.00","0.07","0.00","-0.00","-0.05","-0.01","0.01"
"","Juan Pablo Torres","NYC","2020","W","5","0.00","-0.00","0.00","-0.00","0.00","-0.00","0.00"
"","Alejandro Fuenmayor","HOU","2020","CB","341","-0.16","0.04","0.16","-0.03","-0.04","0.03","0.00"
"","Jimmy McLaughlin","CIN","2020","CB","6","0.01","0.00","-0.00","-0.00","0.00","0.00","0.00"
"","Cristián Gutiérrez","VAN","2020","FB","743","-0.18","0.08","-0.01","0.24","-0.10","-0.02","0.00"
"","Andre Reynolds","CHI","2020","FB","21","-0.01","0.00","0.02","-0.00","-0.00","-0.00","0.00"
"","Janio Bikel","VAN","2020","CM","1027","-0.20","-0.01","0.82","-0.23","-0.33","-0.07","-0.01"
"","Santiago Patiño","ORL","2020","ST","11","0.01","-0.00","0.01","0.00","-0.02","-0.01","-0.01"
"","Ronaldo Peña","HOU","2020","ST","46","-0.04","0.01","0.01","0.01","0.06","-0.05","-0.01"
"","Olivier Mbaizo","PHI","2020","FB","1156","0.05","0.00","-0.07","0.13","-0.16","0.05","-0.01"
"","Ben Mines","NYRB","2020","W","207","-0.04","0.01","-0.00","0.06","0.10","-0.15","-0.01"
"","Christopher Garcia","RSL","2020","W","3","-0.00","-0.00","-0.00","-0.00","-0.00","-0.00","-0.01"
"","Adama Diomande","LAFC","2020","ST","17","0.04","-0.00","-0.01","-0.06","0.01","0.01","-0.01"
"","Júnior Urso","ORL","2020","CM","1888","-0.27","-0.07","-0.65","-0.45","0.68","0.76","-0.01"
"","Mohammed Abu","DCU","2020","CM","363","0.05","-0.04","0.20","-0.10","-0.10","-0.02","-0.01"
"","Cameron Dunbar","LAG","2020","AM","102","0.15","-0.01","-0.09","-0.06","-0.07","0.07","-0.01"
"","Sean Nealis","NYRB","2020","CB","492","-0.18","0.01","0.30","0.03","-0.12","-0.06","-0.01"
"","Brandon Bye","NER","2020","FB","1791","-0.36","0.09","-0.45","0.34","0.43","-0.07","-0.02"
"","Jahkeele Marshall-Rutty","TOR","2020","W","20","-0.01","-0.00","0.00","-0.00","0.01","-0.01","-0.02"
"","Saad Abdul-Salaam","CIN","2020","FB","480","0.01","0.10","0.14","-0.19","-0.04","-0.03","-0.02"
"","Víctor Cabrera","HOU","2020","CB","723","0.17","0.06","-0.34","0.02","0.02","0.05","-0.02"
"","Eriq Zavaleta","TOR","2020","CB","320","-0.12","0.03","0.16","-0.00","-0.09","-0.00","-0.02"
"","Chris Cadden","CLB","2020","FB","409","0.02","-0.05","-0.00","0.06","-0.04","-0.01","-0.02"
"","Julio Cascante","POR","2020","CB","443","0.10","0.04","-0.33","-0.02","0.15","0.03","-0.02"
"","Justin Dhillon","SEA","2020","ST","13","0.00","-0.00","-0.00","0.00","-0.02","-0.01","-0.03"
"","Luis Argudo","MIA","2020","CM","23","0.02","0.00","-0.02","-0.04","0.01","-0.00","-0.03"
"","Justin Meram","RSL","2020","W","1242","0.17","0.14","-0.30","-0.15","0.24","-0.14","-0.03"
"","Jay Chapman","MIA","2020","DM","254","0.02","-0.05","-0.08","0.10","0.03","-0.05","-0.03"
"","Cole Turner","PHI","2020","W","7","-0.00","-0.00","-0.00","-0.01","-0.01","-0.00","-0.03"
"","Foster Langsdorf","MIN","2020","W","17","-0.02","-0.00","0.01","-0.01","-0.00","-0.00","-0.03"
"","Renzo Zambrano","POR","2020","DM","115","0.06","0.03","-0.01","-0.08","-0.02","-0.01","-0.03"
"","Andy Najar","LAFC","2020","FB","219","0.02","0.00","-0.11","0.03","0.02","-0.00","-0.03"
"","David Loera","ORL","2020","DM","33","-0.00","0.00","-0.01","-0.02","-0.00","-0.00","-0.04"
"","Marco Delgado","TOR","2020","CM","1564","-0.04","-0.22","-0.01","0.58","-0.23","-0.12","-0.04"
"","Sam Junqua","HOU","2020","FB","302","-0.08","-0.01","0.13","-0.15","0.09","-0.02","-0.04"
"","Marcelo Palomino","HOU","2020","DM","40","0.01","0.02","0.00","-0.07","0.00","-0.00","-0.04"
"","Harry Shipp","SEA","2020","W","54","0.04","-0.00","0.04","-0.08","-0.03","-0.01","-0.04"
"","Michael Salazar","HOU","2020","W","16","-0.01","-0.00","-0.01","-0.01","-0.01","-0.00","-0.04"
"","Ethan Dobbelaere","SEA","2020","W","56","-0.00","-0.05","0.03","0.04","-0.06","0.00","-0.05"
"","Griffin Dorsey","TOR","2020","ST","12","-0.01","0.00","-0.01","0.01","-0.03","-0.01","-0.05"
"","Jack Skahan","SJE","2020","DM","15","-0.00","-0.01","-0.01","-0.01","-0.00","-0.00","-0.05"
"","Reggie Cannon","FCD","2020","FB","493","0.01","0.11","0.10","-0.29","0.00","0.01","-0.05"
"","Nick DePuy","LAG","2020","CB","1436","0.05","-0.43","0.44","-0.21","0.09","0.01","-0.06"
"","Jordan Hamilton","CLB","2020","FB","26","-0.02","-0.00","-0.01","-0.01","-0.01","-0.01","-0.06"
"","J.J. Williams","ATL","2020","ST","18","0.00","-0.00","-0.01","-0.01","-0.04","-0.01","-0.06"
"","George Campbell","ATL","2020","CB","58","0.01","0.00","-0.10","0.03","-0.01","-0.00","-0.06"
"","Gordon Wild","LAG","2020","AM","40","-0.05","-0.01","0.07","0.01","-0.06","-0.01","-0.07"
"","Josh Sims","NYRB","2020","W","58","-0.00","-0.01","0.05","-0.05","-0.04","-0.01","-0.07"
"","Danny Leyva","SEA","2020","DM","70","-0.04","0.00","-0.02","-0.01","0.00","-0.00","-0.07"
"","Jack De Vries","PHI","2020","W","35","-0.00","-0.00","-0.04","0.00","-0.03","-0.01","-0.07"
"","Clément Bayiha","MTL","2020","FB","91","-0.02","0.01","-0.00","-0.04","-0.02","-0.01","-0.07"
"","Omar González","TOR","2020","CB","2044","-0.14","0.17","0.11","-0.33","0.17","-0.05","-0.07"
"","Dante Sealy","FCD","2020","W","85","-0.05","-0.01","-0.03","0.06","0.01","-0.06","-0.08"
"","Joe Scally","NYC","2020","FB","81","-0.02","0.00","-0.03","-0.02","-0.00","-0.00","-0.08"
"","Gedion Zelalem","NYC","2020","W","22","-0.00","-0.00","-0.04","-0.01","-0.01","-0.00","-0.08"
"","Dominique Badji","NSH","2020","ST","788","0.27","-0.08","-0.06","0.02","-0.39","0.16","-0.08"
"","Teal Bunbury","NER","2020","W","1582","-0.75","-0.15","-0.10","-0.74","1.63","0.03","-0.08"
"","Reto Ziegler","FCD","2020","CB","1675","0.25","0.16","-0.48","0.38","-0.39","-0.01","-0.08"
"","Manuel Castro","ATL","2020","W","322","-0.06","-0.02","-0.08","-0.32","0.23","0.16","-0.09"
"","Laurence Wyke","ATL","2020","CB","267","0.03","-0.07","0.16","-0.14","-0.04","-0.02","-0.09"
"","Vito Wormgoor","CLB","2020","CB","117","-0.02","0.00","-0.12","0.07","-0.02","-0.00","-0.09"
"","Ifunanyachi Achara","TOR","2020","W","101","-0.08","-0.00","0.04","0.01","-0.13","0.07","-0.09"
"","Robinho","ORL","2020","W","169","0.02","-0.02","0.00","-0.14","-0.07","0.11","-0.09"
"","Erik Dueñas","LAFC","2020","FB","49","-0.04","-0.03","-0.02","-0.01","-0.00","-0.00","-0.09"
"","Cristian Penilla","NER","2020","W","1047","0.71","-0.06","-0.26","-0.09","-0.23","-0.16","-0.10"
"","Pedro Santos","CLB","2020","W","1983","0.09","0.23","0.43","0.38","-1.00","-0.22","-0.10"
"","Pablo Bonilla","POR","2020","FB","947","-0.19","0.05","0.17","-0.15","0.01","0.02","-0.10"
"","Graham Smith","SKC","2020","CB","350","0.04","0.02","-0.07","0.00","-0.04","-0.05","-0.10"
"","Gustav Svensson","SEA","2020","DM","965","-0.11","-0.09","-0.50","0.73","-0.16","0.04","-0.10"
"","Alexander Callens","NYC","2020","CB","2131","0.23","-0.08","-0.64","0.35","-0.06","0.10","-0.10"
"","Edwin Cerrillo","FCD","2020","AM","31","-0.03","-0.00","-0.02","-0.03","-0.02","-0.00","-0.10"
"","Ema Twumasi","FCD","2020","W","55","-0.04","-0.01","-0.03","-0.03","0.01","-0.01","-0.10"
"","Jack Price","COL","2020","DM","1438","-0.02","-0.04","-0.12","0.37","-0.25","-0.05","-0.10"
"","Jerome Kiesewetter","MIA","2020","W","36","-0.01","-0.00","-0.02","-0.02","-0.04","-0.01","-0.10"
"","Dylan Nealis","MIA","2020","FB","1239","-0.09","0.04","0.26","-0.41","0.14","-0.04","-0.11"
"","Josh Atencio","SEA","2020","DM","38","0.00","-0.05","-0.02","-0.02","-0.01","-0.00","-0.11"
"","Mohamed Traore","LAFC","2020","CB","49","-0.02","0.01","-0.03","-0.02","-0.01","-0.03","-0.11"
"","Hwang In-Beom","VAN","2020","CM","507","-0.14","0.02","0.08","0.02","-0.15","0.07","-0.11"
"","Alvas Powell","MIA","2020","FB","226","-0.19","0.05","-0.06","0.03","0.05","0.01","-0.11"
"","Brian Gutierrez","CHI","2020","W","61","-0.01","-0.00","-0.02","-0.05","-0.02","-0.01","-0.11"
"","Luka Stojanovic","CHI","2020","CM","73","-0.06","0.00","0.02","-0.04","-0.00","-0.03","-0.11"
"","Jhonder Cádiz","NSH","2020","ST","255","-0.18","-0.02","-0.05","-0.06","0.19","-0.00","-0.11"
"","Noah Billingsley","MIN","2020","FB","13","0.00","0.00","-0.12","0.00","-0.00","-0.00","-0.11"
"","Erickson Gallardo","TOR","2020","W","195","0.01","-0.00","0.05","-0.05","-0.15","0.03","-0.12"
"","Yony González","LAG","2020","ST","506","0.15","0.02","0.02","-0.18","0.00","-0.12","-0.13"
"","Taylor Washington","NSH","2020","W","471","0.05","-0.01","0.11","-0.01","-0.20","-0.06","-0.13"
"","Jacob Shaffelburg","TOR","2020","W","147","-0.11","-0.02","0.01","0.02","-0.06","0.03","-0.13"
"","Oriol Rosell","ORL","2020","DM","635","-0.10","-0.03","0.18","0.02","-0.16","-0.04","-0.13"
"","Jorge Villafaña","POR","2020","FB","1711","-0.35","-0.13","0.57","-0.20","0.05","-0.07","-0.13"
"","Marlon Hairston","MIN","2020","DM","452","-0.19","0.07","0.24","-0.18","-0.08","0.01","-0.13"
"","Omir Fernandez","NYRB","2020","W","652","-0.24","-0.02","-0.04","-0.46","0.44","0.18","-0.14"
"","Carlos Terán","CHI","2020","CB","30","-0.02","0.00","-0.11","-0.01","0.00","0.01","-0.14"
"","Cole Bassett","COL","2020","AM","1062","-0.06","-0.07","0.07","-0.75","0.60","0.07","-0.14"
"","Moses Nyeman","DCU","2020","CM","564","-0.01","-0.08","0.41","-0.28","-0.17","-0.02","-0.14"
"","Aidan Morris","CLB","2020","DM","434","0.04","0.01","0.26","-0.26","-0.14","-0.05","-0.14"
"","Ralph Priso-Mbongue","TOR","2020","DM","171","0.04","0.01","0.00","-0.14","-0.02","-0.02","-0.14"
"","Brian White","NYRB","2020","ST","954","-0.27","-0.11","0.34","-0.59","0.52","-0.03","-0.14"
"","Alistair Johnston","NSH","2020","FB","1474","-0.19","-0.02","0.27","-0.08","-0.12","0.00","-0.15"
"","Santiago Mosquera","FCD","2020","W","463","0.17","-0.02","-0.13","-0.10","-0.09","0.03","-0.15"
"","Cristian Cásseres Jr","NYRB","2020","CM","1440","0.08","-0.02","0.23","-0.04","-0.30","-0.10","-0.15"
"","Auston Trusty","COL","2020","CB","589","0.22","0.05","-0.49","0.15","-0.21","0.12","-0.15"
"","Jalil Anibaba","NSH","2020","FB","648","-0.07","0.03","0.05","-0.09","-0.11","0.04","-0.16"
"","Randall Leal","NSH","2020","W","1697","-0.11","-0.07","0.83","0.20","-0.80","-0.20","-0.16"
"","Matheus Aias","ORL","2020","ST","36","-0.05","-0.00","0.03","-0.07","0.00","-0.08","-0.17"
"","Sam Johnson","RSL","2020","ST","383","-0.01","-0.06","-0.11","-0.10","0.19","-0.07","-0.17"
"","Jackson Yueill","SJE","2020","CM","2023","0.03","0.01","0.22","-0.20","-0.15","-0.08","-0.17"
"","C.J. Sapong","CHI","2020","ST","542","-0.16","0.17","0.05","-0.01","-0.25","0.02","-0.17"
"","Brayan Beckeles","NSH","2020","FB","81","-0.01","-0.00","-0.15","-0.00","-0.01","-0.00","-0.18"
"","Jaylin Lindsey","SKC","2020","FB","1157","0.35","0.04","-0.29","-0.12","-0.11","-0.05","-0.18"
"","Gilbert Fuentes","SJE","2020","W","11","-0.05","-0.00","0.01","-0.16","0.02","-0.00","-0.18"
"","Shandon Hopeau","SEA","2020","W","116","-0.07","-0.03","0.07","-0.07","-0.06","-0.03","-0.18"
"","Cameron Duke","SKC","2020","CM","262","-0.03","0.03","-0.13","-0.06","0.00","0.00","-0.18"
"","Bryan Acosta","FCD","2020","DM","801","-0.11","-0.19","0.02","0.14","-0.02","-0.02","-0.18"
"","Brandon Servania","FCD","2020","DM","460","-0.09","-0.03","0.06","-0.25","0.11","0.01","-0.19"
"","Cristhian Paredes","POR","2020","CM","911","0.14","0.02","0.22","-0.39","-0.05","-0.12","-0.19"
"","Ismael Tajouri-Shradi","NYC","2020","W","776","-0.22","-0.04","-0.18","0.07","0.00","0.19","-0.19"
"","Carlos Harvey","LAG","2020","CM","135","-0.08","-0.02","0.02","-0.02","-0.07","-0.01","-0.19"
"","Marco Farfan","POR","2020","FB","949","-0.25","-0.03","0.61","-0.37","-0.11","-0.04","-0.20"
"","Sebastien Ibeagha","NYC","2020","CB","329","-0.02","0.02","0.09","-0.19","-0.09","-0.01","-0.20"
"","Jordy Delem","SEA","2020","DM","805","-0.03","-0.04","0.23","-0.18","-0.20","0.01","-0.20"
"","Joe Corona","LAG","2020","DM","974","-0.36","0.18","0.07","-0.14","-0.01","0.06","-0.20"
"","Brenden Aaronson","PHI","2020","AM","2065","-0.14","-0.08","-0.16","-1.07","0.47","0.78","-0.21"
"","Franco Escobar","ATL","2020","FB","1513","-0.09","0.04","0.38","-0.48","0.05","-0.11","-0.21"
"","Brandt Bronico","CHI","2020","FB","327","-0.04","-0.01","0.02","-0.08","-0.07","-0.03","-0.21"
"","Robbie Robinson","MIA","2020","ST","498","0.25","-0.01","-0.09","-0.21","-0.12","-0.03","-0.21"
"","Mikey Ambrose","MIA","2020","FB","352","-0.30","0.00","0.03","-0.03","0.09","-0.02","-0.21"
"","Nouhou Tolo","SEA","2020","FB","1448","-0.28","0.17","-0.26","-0.51","0.40","0.25","-0.21"
"","Giuseppe Rossi","RSL","2020","AM","208","-0.09","-0.02","-0.02","-0.10","-0.07","0.09","-0.22"
"","A.J. DeLaGarza","MIA","2020","FB","458","-0.09","0.05","0.01","-0.07","-0.11","-0.00","-0.22"
"","Christian Makoun","MIA","2020","CB","203","-0.10","0.02","0.03","-0.13","-0.04","-0.00","-0.23"
"","Justin Portillo","RSL","2020","CM","289","-0.04","-0.00","-0.01","-0.05","-0.07","-0.05","-0.23"
"","Ballou Tabla","MTL","2020","ST","126","0.01","-0.01","-0.05","-0.01","-0.13","-0.04","-0.23"
"","Frédéric Brillant","DCU","2020","CB","1865","0.18","0.09","0.04","-0.22","-0.23","-0.09","-0.24"
"","Gustavo Bou","NER","2020","ST","1449","-0.33","-0.13","-0.11","-0.06","0.45","-0.06","-0.24"
"","Cristian Roldan","SEA","2020","W","1984","0.39","0.11","-0.34","-0.56","0.38","-0.23","-0.24"
"","Tyler Wolff","ATL","2020","CM","141","-0.02","-0.01","0.06","-0.13","-0.11","-0.03","-0.25"
"","Chicharito","LAG","2020","ST","725","0.00","-0.04","-0.26","0.02","-0.22","0.25","-0.25"
"","Sam Nicholson","COL","2020","W","180","-0.01","0.00","-0.01","-0.14","-0.07","-0.02","-0.25"
"","Mathias Jørgensen","NYRB","2020","ST","305","0.14","-0.03","-0.04","-0.19","-0.15","0.01","-0.25"
"","Derek Cornelius","VAN","2020","CB","1127","-0.25","0.37","-0.12","-0.21","-0.02","-0.03","-0.25"
"","Alexander Ring","NYC","2020","DM","2223","-0.33","0.08","0.32","-0.38","0.06","-0.02","-0.26"
"","Jordan Bender","ORL","2020","W","58","-0.15","-0.01","-0.02","-0.02","-0.02","-0.02","-0.26"
"","Khiry Shelton","SKC","2020","W","1594","0.13","-0.09","-0.26","-0.91","0.73","0.13","-0.26"
"","Andre Shinyashiki","COL","2020","W","1094","0.14","-0.11","0.19","-0.41","-0.02","-0.06","-0.26"
"","Zarek Valentin","HOU","2020","FB","1783","-0.20","0.07","-0.16","0.28","-0.23","-0.03","-0.27"
"","Matt LaGrassa","NSH","2020","CM","409","-0.17","0.01","-0.03","-0.03","0.01","-0.06","-0.27"
"","Ezequiel Barco","ATL","2020","W","1145","0.84","0.16","-0.22","-0.74","-0.43","0.13","-0.27"
"","Axel Sjöberg","DCU","2020","CB","180","-0.01","-0.23","0.01","-0.06","0.02","-0.00","-0.28"
"","Marcelo Silva","RSL","2020","CB","1415","-0.08","0.03","-0.37","-0.18","0.33","-0.01","-0.28"
"","Marc Rzatkowski","NYRB","2020","DM","790","-0.07","0.06","0.06","0.02","-0.21","-0.15","-0.28"
"","Jonathan Mensah","CLB","2020","CB","2277","0.12","-0.12","-0.63","0.29","0.06","0.00","-0.29"
"","Andrew Wooten","PHI","2020","ST","531","-0.01","-0.06","0.40","0.03","-0.58","-0.06","-0.29"
"","Antônio Carlos","ORL","2020","CB","1835","-0.15","0.15","-0.32","0.07","0.04","-0.08","-0.29"
"","Yimmi Chará","POR","2020","W","1345","-0.56","0.19","0.24","-0.32","0.16","0.01","-0.29"
"","Laurent Ciman","TOR","2020","CB","602","-0.07","0.02","0.11","-0.16","-0.15","-0.04","-0.29"
"","Anthony Fontana","PHI","2020","AM","599","-0.14","-0.10","-0.02","-0.15","-0.08","0.20","-0.29"
"","Brooks Lennon","ATL","2020","FB","1941","-0.35","-0.01","0.60","-0.57","0.03","-0.00","-0.29"
"","Felipe","DCU","2020","CM","712","-0.18","-0.02","0.04","-0.10","-0.10","0.07","-0.30"
"","Wil Trapp","MIA","2020","DM","1488","-0.08","-0.05","0.10","0.19","-0.38","-0.07","-0.30"
"","Marcelino Moreno","ATL","2020","AM","498","-0.25","-0.01","0.15","0.02","-0.20","-0.01","-0.30"
"","Kamohelo Mokotjo","CIN","2020","DM","595","-0.10","0.08","0.29","-0.49","-0.05","-0.03","-0.30"
"","Patrick Metcalfe","VAN","2020","CM","239","-0.10","0.00","-0.03","-0.12","-0.04","-0.02","-0.30"
"","Thomás Chacón","MIN","2020","W","191","-0.11","-0.05","-0.01","0.05","-0.14","-0.04","-0.30"
"","Bojan Krkić","MTL","2020","ST","1256","0.20","0.10","0.53","0.24","-1.07","-0.29","-0.30"
"","Abu Danladi","NSH","2020","ST","644","0.01","-0.10","-0.04","-0.18","0.14","-0.13","-0.30"
"","Collen Warner","COL","2020","DM","297","-0.06","-0.05","0.01","-0.12","-0.04","-0.04","-0.31"
"","Chris Mavinga","TOR","2020","CB","1650","0.12","-0.08","0.03","-0.06","-0.25","-0.06","-0.31"
"","Graham Zusi","SKC","2020","FB","1356","-0.30","0.29","-0.54","0.40","-0.04","-0.13","-0.31"
"","Darwin Cerén","HOU","2020","CM","1661","-0.41","-0.01","0.98","-0.59","-0.17","-0.11","-0.31"
"","Andrés Flores","POR","2020","W","207","0.08","-0.01","0.01","-0.18","-0.15","-0.05","-0.31"
"","Daryl Dike","ORL","2020","ST","1321","-0.18","0.19","0.25","-0.08","-0.31","-0.18","-0.32"
"","Gudmundur Thórarinsson","NYC","2020","FB","802","0.02","0.02","-0.11","-0.11","-0.10","-0.05","-0.32"
"","Ranko Veselinovic","VAN","2020","CB","1534","0.16","0.15","0.05","-0.50","-0.10","-0.08","-0.32"
"","Luis Felipe","SJE","2020","CM","220","0.00","-0.01","-0.19","-0.04","-0.09","-0.01","-0.33"
"","Eric Miller","NSH","2020","FB","472","-0.11","0.03","-0.15","-0.25","0.22","-0.08","-0.33"
"","Brent Kallman","MIN","2020","CB","299","-0.04","0.04","-0.23","-0.08","-0.02","0.00","-0.33"
"","Jesús David Murillo","LAFC","2020","CB","450","-0.05","0.02","-0.42","0.22","-0.07","-0.05","-0.34"
"","Josef Martínez","ATL","2020","ST","71","0.03","-0.01","-0.21","-0.06","-0.14","0.05","-0.35"
"","Will Bruin","SEA","2020","ST","567","-0.44","-0.04","-0.14","-0.34","0.77","-0.17","-0.35"
"","Adrien Regattin","CIN","2020","ST","685","0.58","0.03","-0.01","-0.07","-0.72","-0.16","-0.35"
"","Gonzalo Higuaín","MIA","2020","ST","861","-0.13","-0.01","-0.13","0.07","-0.33","0.17","-0.36"
"","Mauricio Pereyra","ORL","2020","AM","1174","-0.03","-0.10","0.02","0.78","-0.74","-0.28","-0.36"
"","Andrew Farrell","NER","2020","CB","1865","-0.35","0.13","-0.22","0.53","-0.42","-0.01","-0.36"
"","Shamit Shome","MTL","2020","FB","340","-0.05","0.00","-0.02","-0.18","-0.09","-0.02","-0.36"
"","Amro Tarek","NYRB","2020","CB","1041","-0.10","-0.13","0.07","-0.07","-0.12","-0.01","-0.36"
"","Tomás Conechny","POR","2020","W","217","-0.11","0.09","-0.01","-0.17","-0.04","-0.14","-0.37"
"","Jeremy Kelly","COL","2020","FB","281","0.27","0.00","-0.23","-0.35","0.00","-0.07","-0.37"
"","Rashawn Dally","CIN","2020","W","86","-0.01","-0.01","-0.31","-0.00","-0.05","0.00","-0.38"
"","Andrés Ricaurte","FCD","2020","AM","1187","0.23","-0.01","0.03","-0.18","-0.37","-0.08","-0.38"
"","David Milinkovic","VAN","2020","W","974","0.07","-0.14","0.27","-0.21","-0.37","-0.00","-0.39"
"","Orji Okwonkwo","MTL","2020","W","568","0.13","0.01","-0.06","-0.34","-0.07","-0.06","-0.39"
"","Warren Creavalle","PHI","2020","DM","442","-0.27","-0.02","0.24","-0.22","-0.12","-0.00","-0.39"
"","Tony Gallacher","TOR","2020","FB","517","0.01","0.04","-0.15","-0.20","-0.09","0.01","-0.39"
"","Adrien Pérez","LAFC","2020","W","352","-0.20","0.01","-0.04","-0.34","0.18","0.01","-0.39"
"","José Andrés Martínez","PHI","2020","DM","1242","-0.17","-0.15","0.51","-0.34","-0.20","-0.04","-0.39"
"","Gelmin Rivas","DCU","2020","ST","557","-0.03","-0.10","-0.08","-0.14","-0.08","0.04","-0.39"
"","Emil Cuello","LAG","2020","W","291","-0.13","-0.04","-0.05","0.02","-0.15","-0.05","-0.40"
"","Scott Caldwell","NER","2020","DM","1249","-0.06","0.06","-0.20","0.04","-0.27","0.03","-0.40"
"","Nicolás Mezquida","COL","2020","AM","577","-0.09","-0.01","-0.11","-0.41","0.11","0.11","-0.40"
"","Kevin Paredes","DCU","2020","FB","1048","-0.55","0.04","0.29","-0.37","0.20","-0.02","-0.41"
"","Nico Lemoine","HOU","2020","W","228","0.01","0.01","-0.13","-0.15","-0.11","-0.03","-0.41"
"","Alexander Büttner","NER","2020","FB","1348","-0.34","-0.16","0.25","0.11","-0.13","-0.13","-0.41"
"","Kai Wagner","PHI","2020","FB","1296","-0.07","0.09","-0.06","-0.18","-0.14","-0.05","-0.42"
"","Jasser Khmiri","VAN","2020","CB","429","0.09","-0.37","0.07","-0.01","-0.09","-0.11","-0.42"
"","Sebastian Lletget","LAG","2020","AM","1694","-0.32","-0.05","0.18","-1.00","0.29","0.48","-0.42"
"","Florian Valot","NYRB","2020","W","1637","-0.31","0.04","0.07","-0.26","-0.21","0.25","-0.42"
"","Oniel Fisher","DCU","2020","FB","764","-0.13","0.01","0.09","-0.27","-0.12","-0.02","-0.43"
"","Benji Michel","ORL","2020","W","974","0.21","-0.06","-0.09","-0.24","-0.08","-0.18","-0.43"
"","Fafa Picault","FCD","2020","W","1127","0.08","-0.13","-0.28","-0.22","0.46","-0.35","-0.43"
"","Joel Waterman","MTL","2020","CB","604","0.08","0.03","-0.35","-0.03","-0.10","-0.06","-0.43"
"","Francisco Ginella","LAFC","2020","CM","1277","-0.36","-0.02","-0.07","0.11","-0.05","-0.06","-0.44"
"","Maikel Chang","RSL","2020","W","1193","-0.27","-0.09","-0.04","0.20","-0.28","0.04","-0.44"
"","Jamiro Monteiro","PHI","2020","CM","2128","-0.46","0.09","-0.42","0.07","0.39","-0.12","-0.44"
"","Victor Wanyama","MTL","2020","DM","2079","-0.10","-0.00","0.55","-0.66","-0.18","-0.06","-0.45"
"","Gastón Giménez","CHI","2020","DM","1718","0.00","-0.07","0.34","-0.51","-0.13","-0.08","-0.45"
"","Kyle Beckerman","RSL","2020","DM","437","-0.05","0.00","-0.16","-0.28","0.02","0.02","-0.45"
"","Larrys Mabiala","POR","2020","CB","1454","-0.28","0.14","-0.15","-0.27","0.04","0.07","-0.47"
"","Tah Brian Anunga","NSH","2020","CM","850","-0.17","-0.08","0.58","-0.49","-0.24","-0.07","-0.48"
"","Alan Winn","NSH","2020","W","280","-0.28","0.02","0.02","-0.16","-0.00","-0.07","-0.48"
"","Zachary Brault-Guillard","MTL","2020","FB","1958","0.84","-0.21","-0.25","-1.07","0.18","0.02","-0.49"
"","Pablo Piatti","TOR","2020","W","1410","-0.06","-0.06","-0.23","-0.39","0.17","0.08","-0.50"
"","Samuel Tetteh","NYRB","2020","ST","376","-0.31","-0.06","0.10","-0.21","-0.09","0.07","-0.50"
"","Jaroslaw Niezgoda","POR","2020","ST","692","0.30","-0.09","-0.06","-0.23","-0.12","-0.31","-0.50"
"","Tate Schmitt","RSL","2020","DM","274","-0.28","0.01","-0.07","-0.16","0.04","-0.04","-0.50"
"","Brek Shea","MIA","2020","W","704","-0.25","-0.05","-0.08","-0.22","0.26","-0.16","-0.50"
"","Anton Walkes","ATL","2020","CB","1479","0.16","0.13","-0.22","-0.28","-0.24","-0.06","-0.51"
"","Jordan Harvey","LAFC","2020","FB","831","-0.09","-0.17","-0.43","0.24","-0.06","-0.00","-0.52"
"","Caleb Stanko","CIN","2020","CM","546","-0.13","-0.01","0.23","-0.35","-0.22","-0.05","-0.53"
"","James Musa","MIN","2020","CB","190","-0.01","-0.30","-0.17","-0.00","-0.04","-0.00","-0.53"
"","Aaron Long","NYRB","2020","CB","1454","-0.03","0.11","-0.60","-0.02","0.04","-0.02","-0.53"
"","Robin Jansson","ORL","2020","CB","2201","-0.02","0.24","-0.23","-0.32","-0.29","0.08","-0.53"
"","Russell Canouse","DCU","2020","CB","1365","0.14","-0.23","-0.06","-0.36","0.03","-0.05","-0.54"
"","Pablo Ruiz","RSL","2020","DM","1413","0.06","0.04","0.19","-0.22","-0.39","-0.22","-0.54"
"","Rudy Camacho","MTL","2020","CB","1306","0.05","-0.68","-0.09","0.28","-0.15","0.04","-0.54"
"","Jayden Nelson","TOR","2020","W","182","-0.14","-0.04","-0.09","-0.16","-0.12","0.00","-0.54"
"","Jorge Corrales","MTL","2020","FB","1174","-0.13","0.04","-0.31","0.01","-0.11","-0.05","-0.54"
"","Wilfried Zahibo","NER, HOU","2020","DM","333","-0.08","-0.03","-0.19","-0.15","-0.09","-0.01","-0.54"
"","Harrison Afful","CLB","2020","FB","1968","-0.27","-0.50","0.16","0.39","-0.26","-0.05","-0.54"
"","Danny Hoesen","SJE","2020","W","286","-0.13","-0.03","-0.14","-0.23","0.07","-0.10","-0.55"
"","Youness Mokhtar","CLB","2020","W","907","-0.13","-0.08","0.05","-0.58","-0.03","0.22","-0.56"
"","Greg Garza","CIN","2020","FB","548","-0.04","0.03","-0.18","-0.27","-0.08","-0.02","-0.56"
"","George Bello","ATL","2020","FB","1777","-0.17","0.09","0.20","-0.86","0.17","-0.01","-0.56"
"","Aboubacar Keita","CLB","2020","CB","1043","0.00","0.17","-0.28","-0.23","-0.22","-0.01","-0.56"
"","Jakob Glesnes","PHI","2020","CB","1660","-0.34","0.12","-0.30","-0.11","0.05","0.01","-0.57"
"","Magnus Eriksson","SJE","2020","AM","507","0.12","-0.03","-0.04","-0.38","-0.27","0.02","-0.57"
"","Dom Dwyer","ORL","2020","ST","132","-0.34","-0.05","-0.01","0.01","-0.11","-0.09","-0.58"
"","Antonio Mlinar Delamea","NER","2020","CB","357","0.00","0.04","-0.32","-0.21","-0.09","-0.00","-0.58"
"","Sean Davis","NYRB","2020","CM","1178","-0.01","0.02","-0.27","0.06","-0.29","-0.10","-0.59"
"","Luis Amarilla","MIN","2020","ST","455","-0.50","-0.04","-0.11","-0.34","0.37","0.03","-0.59"
"","Álvaro Barreal","CIN","2020","W","348","-0.04","0.02","-0.02","-0.17","-0.17","-0.21","-0.59"
"","Roger Espinoza","SKC","2020","CM","1054","-0.14","-0.01","-0.55","0.06","0.01","0.04","-0.59"
"","Caden Clark","NYRB","2020","W","299","-0.24","-0.04","-0.08","-0.12","0.02","-0.13","-0.60"
"","Derrick Jones","NSH","2020","ST","987","-0.08","-0.06","0.20","-0.25","-0.34","-0.07","-0.61"
"","Sebastian Berhalter","CLB","2020","DM","442","-0.04","-0.01","-0.12","-0.28","-0.11","-0.04","-0.61"
"","Erik Holt","RSL","2020","CB","418","0.07","-0.03","-0.74","0.19","-0.09","-0.02","-0.61"
"","Mason Toye","MIN, MTL","2020","ST","667","0.18","-0.04","-0.20","-0.27","-0.32","0.04","-0.62"
"","Nicolás Acevedo","NYC","2020","DM","189","-0.08","-0.24","-0.15","-0.08","-0.06","-0.01","-0.62"
"","Tsubasa Endoh","TOR","2020","W","714","0.02","-0.07","-0.23","-0.13","-0.32","0.10","-0.62"
"","Mauricio Pineda","CHI","2020","CB","2195","-0.09","0.17","0.12","-0.54","-0.17","-0.12","-0.62"
"","Erik Sorga","DCU","2020","ST","790","-0.07","0.10","0.07","-0.40","-0.41","0.08","-0.62"
"","Sebastián Méndez","ORL","2020","CM","1215","-0.27","-0.11","0.09","-0.46","-0.06","0.18","-0.63"
"","Pity Martínez","ATL","2020","AM","653","-0.05","0.10","-0.19","0.10","-0.38","-0.21","-0.64"
"","Griffin Yow","DCU","2020","W","455","-0.01","-0.01","-0.06","-0.16","-0.23","-0.17","-0.64"
"","Felipe Hernandez","SKC","2020","CM","867","-0.23","0.04","-0.18","-0.10","-0.28","0.12","-0.64"
"","Theo Bair","VAN","2020","ST","530","-0.17","-0.07","0.10","-0.12","-0.24","-0.15","-0.65"
"","Victor Ulloa","MIA","2020","DM","1582","-0.43","-0.02","0.23","-0.34","-0.12","0.02","-0.65"
"","Emerson Hyndman","ATL","2020","CM","1515","0.15","-0.00","-0.14","0.05","-0.46","-0.24","-0.65"
"","John Nelson","FCD","2020","FB","786","-0.37","0.04","0.21","-0.47","-0.07","0.00","-0.66"
"","Rodrigo Schlegel","ORL","2020","CB","735","-0.03","0.03","-0.46","-0.08","-0.10","-0.03","-0.66"
"","Nick Besler","RSL","2020","DM","623","-0.06","-0.02","-0.28","-0.30","-0.12","0.11","-0.68"
"","Emanuel Maciel","MTL","2020","CM","841","0.06","0.01","0.02","-0.39","-0.28","-0.09","-0.68"
"","Bryce Duke","LAFC","2020","CM","299","-0.17","-0.01","-0.13","-0.37","-0.00","-0.02","-0.69"
"","Tom Pettersson","CIN","2020","CB","1255","0.13","-0.12","-0.50","-0.07","-0.14","0.00","-0.70"
"","Thiago Santos","FCD","2020","DM","1760","-0.23","0.10","0.59","-0.67","-0.36","-0.13","-0.70"
"","Tesho Akindele","ORL","2020","ST","922","-0.24","-0.10","0.05","-0.43","-0.09","0.11","-0.71"
"","Yordy Reyna","VAN, DCU","2020","ST","717","-0.20","-0.05","0.15","0.12","-0.55","-0.18","-0.71"
"","Christian Ramirez","HOU","2020","ST","757","-0.17","-0.09","-0.03","-0.06","-0.28","-0.09","-0.73"
"","Blaise Matuidi","MIA","2020","DM","1387","-0.54","-0.27","-0.27","0.26","0.08","0.00","-0.73"
"","Mo Adams","ATL","2020","DM","846","-0.19","-0.08","0.01","-0.18","-0.23","-0.08","-0.73"
"","Giancarlo González","LAG","2020","CB","819","-0.04","-0.24","-0.09","-0.25","-0.09","-0.03","-0.74"
"","Joey Dezart","ORL","2020","CM","446","-0.10","0.01","-0.23","-0.19","-0.17","-0.07","-0.74"
"","Chris Duvall","POR","2020","FB","814","-0.05","-0.05","-0.15","-0.33","-0.16","0.00","-0.75"
"","Héber","NYC","2020","ST","964","-0.23","-0.13","-0.04","-0.56","0.11","0.08","-0.78"
"","Jason Pendant","NYRB","2020","FB","1765","-0.14","-0.00","-0.52","0.09","-0.20","-0.01","-0.78"
"","Nick DeLeon","TOR","2020","W","1038","0.25","-0.14","-0.06","-0.40","-0.47","0.03","-0.79"
"","Xavier Arreaga","SEA","2020","CB","1158","0.08","-0.23","0.04","-0.44","-0.21","-0.04","-0.80"
"","Matthew Real","PHI","2020","FB","717","0.02","0.01","-0.65","-0.03","-0.12","-0.03","-0.80"
"","Florian Jungwirth","SJE","2020","CB","1733","0.21","0.05","-0.51","-0.18","-0.39","0.03","-0.81"
"","Nick Lima","SJE","2020","FB","1649","0.35","0.12","-0.58","-0.59","-0.08","-0.03","-0.81"
"","Marvin Loría","POR","2020","W","781","-0.14","-0.09","0.01","-0.33","-0.29","0.01","-0.82"
"","Darlington Nagbe","CLB","2020","DM","1300","0.25","0.04","-0.15","-0.78","-0.24","0.05","-0.82"
"","Adam Jahn","ATL","2020","ST","1174","0.08","-0.18","-0.00","-0.49","0.05","-0.29","-0.83"
"","Eric Remedi","ATL","2020","DM","1280","-0.08","0.20","-0.30","-0.66","-0.20","0.18","-0.85"
"","Derrick Etienne","CLB","2020","W","1015","0.15","-0.09","-0.25","-0.33","-0.30","-0.05","-0.85"
"","Julián Carranza","MIA","2020","ST","655","-1.13","0.04","0.04","-0.04","0.15","0.09","-0.85"
"","Cristian Dájome","VAN","2020","W","1746","-0.25","-0.08","0.21","-0.49","0.21","-0.46","-0.86"
"","Donny Toia","RSL","2020","FB","1806","-0.19","-0.00","-0.32","-0.08","-0.25","-0.03","-0.87"
"","Dru Yearwood","NYRB","2020","CM","650","0.01","-0.27","-0.19","-0.22","-0.18","-0.03","-0.87"
"","Allan Cruz","CIN","2020","AM","841","-0.57","0.14","-0.29","-0.18","0.00","0.03","-0.87"
"","Robert Beric","CHI","2020","ST","2101","-0.50","-0.15","-0.19","-0.28","-0.14","0.40","-0.87"
"","Jesús Medina","NYC","2020","W","1605","-0.93","-0.16","-0.08","-0.72","0.63","0.39","-0.88"
"","Leonard Owusu","VAN","2020","CM","1443","-0.34","-0.07","0.28","-0.54","-0.15","-0.08","-0.90"
"","Ola Kamara","DCU","2020","ST","1453","-0.04","-0.16","0.03","-0.15","-0.78","0.19","-0.90"
"","Tim Parker","NYRB","2020","CB","1754","-0.34","-0.08","-0.14","0.01","-0.37","0.01","-0.91"
"","Diego Rubio","COL","2020","ST","1137","-0.11","-0.27","0.15","0.18","-0.89","0.04","-0.91"
"","Fatai Alashe","CLB, CIN","2020","DM","525","-0.23","0.01","-0.29","-0.29","0.16","-0.27","-0.92"
"","Andrew Gutman","CIN","2020","FB","1604","-0.12","0.11","0.04","-1.26","0.24","0.07","-0.92"
"","Jonathan dos Santos","LAG","2020","DM","666","-0.24","-0.01","-0.30","-0.07","-0.18","-0.11","-0.92"
"","Miguel Ángel Navarro","CHI","2020","FB","1096","-0.27","0.01","0.00","-0.65","0.09","-0.10","-0.93"
"","Andrés Reyes","MIA","2020","CB","1214","0.09","-0.25","-0.33","-0.39","-0.04","-0.01","-0.93"
"","Hany Mukhtar","NSH","2020","AM","1159","-0.00","0.22","-0.26","-0.48","-0.18","-0.24","-0.94"
"","Edison Flores","DCU","2020","W","962","-0.10","0.14","-0.29","-0.15","-0.36","-0.19","-0.95"
"","Tanner Beason","SJE","2020","CB","869","0.09","-0.14","-0.32","-0.02","-0.41","-0.20","-1.01"
"","Jake Mulraney","ATL","2020","W","800","0.18","0.04","-0.08","-0.63","-0.37","-0.16","-1.01"
"","Samuel Piette","MTL","2020","CM","2116","-0.61","-0.14","0.05","-0.21","0.07","-0.18","-1.01"
"","Matías Pellegrini","MIA","2020","W","1060","-0.54","-0.33","0.59","-0.50","-0.13","-0.11","-1.01"
"","Ryan Raposo","VAN","2020","W","478","-0.45","-0.00","-0.01","-0.09","-0.35","-0.12","-1.02"
"","Chris Wondolowski","SJE","2020","ST","1386","-0.81","0.09","0.03","-0.13","-0.12","-0.08","-1.03"
"","Tosaint Ricketts","VAN","2020","ST","538","-0.35","0.22","-0.04","-0.07","-0.66","-0.17","-1.06"
"","Joseph Mora","DCU","2020","FB","1741","-0.09","0.00","-0.28","-0.41","-0.25","-0.05","-1.07"
"","Jesús Ferreira","FCD","2020","AM","1065","-0.52","-0.12","0.09","-0.48","-0.23","0.19","-1.07"
"","Brandon Vázquez","CIN","2020","ST","881","-0.12","-0.11","-0.30","-0.24","-0.10","-0.20","-1.07"
"","Patrick Mullins","TOR","2020","ST","486","-0.15","-0.02","-0.17","-0.07","-0.45","-0.21","-1.07"
"","Everton Luiz","RSL","2020","CM","1003","-0.07","-0.07","-0.14","-0.42","-0.28","-0.09","-1.07"
"","Andrés Perea","ORL","2020","AM","1386","0.24","-0.27","0.08","-0.27","-0.75","-0.12","-1.10"
"","Andy Polo","POR","2020","W","855","-0.14","-0.03","-0.06","-0.49","-0.29","-0.09","-1.10"
"","Sam Vines","COL","2020","FB","1776","-0.19","-0.16","-0.06","-0.87","0.14","0.04","-1.10"
"","Francisco Calvo","CHI","2020","CB","2085","0.06","-0.14","-1.47","0.75","-0.17","-0.16","-1.13"
"","Matías Vera","HOU","2020","DM","1840","-0.14","0.13","-0.58","-0.33","-0.33","0.10","-1.16"
"","Ulises Segura","DCU","2020","ST","745","-0.17","-0.05","0.02","-0.43","-0.53","-0.03","-1.18"
"","Chase Gasper","MIN","2020","FB","1639","0.23","-0.20","-0.84","-0.14","-0.16","-0.09","-1.21"
"","Ignacio Aliseda","CHI","2020","W","1525","0.16","-0.11","-0.20","-0.37","-0.91","0.22","-1.21"
"","Tanner Tessmann","FCD","2020","DM","1135","0.13","0.01","-0.47","-0.66","-0.15","-0.06","-1.21"
"","Yamil Asad","DCU","2020","W","1753","-0.64","0.12","0.05","-0.09","-0.54","-0.15","-1.25"
"","Damir Kreilach","RSL","2020","ST","1903","-0.34","-0.01","-0.54","-0.43","0.12","-0.06","-1.25"
"","Jake Nerwinski","VAN","2020","FB","1868","-0.20","-0.20","-0.17","-0.93","-0.02","0.23","-1.28"
"","Raúl Ruidíaz","SEA","2020","ST","1558","-0.64","-0.24","-0.29","-0.16","0.01","0.01","-1.31"
"","Hassani Dotson","MIN","2020","DM","1339","-0.42","0.03","-0.05","-0.56","-0.25","-0.07","-1.33"
"","Mathieu Deplagne","CIN","2020","FB","1301","-0.34","-0.25","-0.57","0.10","-0.25","-0.03","-1.34"
"","Roberto Puncec","SKC","2020","CB","1858","0.19","-0.06","-1.01","-0.08","-0.40","-0.01","-1.37"
"","Matheus Rossetto","ATL","2020","CM","861","-0.12","-0.05","-0.16","-0.58","-0.38","-0.13","-1.43"
"","Jeff Larentowicz","ATL","2020","DM","1250","-0.32","0.04","-0.49","-0.43","-0.10","-0.13","-1.43"
"","Júnior Moreno","DCU","2020","CM","1907","-0.33","-0.03","-0.19","-0.16","-0.55","-0.17","-1.44"
"","Frankie Amaya","CIN","2020","CM","1881","-0.18","0.07","0.19","-0.81","-0.76","-0.00","-1.49"
"","Jürgen Locadia","CIN","2020","ST","1483","0.14","-0.16","-0.28","-0.60","-0.66","0.06","-1.51"
"","Kei Kamara","MIN, COL","2020","ST","1082","0.02","-0.12","-0.22","-0.93","-0.06","-0.20","-1.51"
"","Russell Teibert","VAN","2020","CM","1729","-0.34","-0.06","0.37","-0.62","-0.70","-0.18","-1.53"
"","Alex Muyl","NSH, NYRB","2020","W","1236","-0.78","-0.13","-0.01","-0.22","-0.17","-0.25","-1.56"
"","Siem de Jong","CIN","2020","ST","871","-0.68","-0.02","-0.48","-0.24","-0.13","-0.05","-1.58"
"","Perry Kitchen","LAG","2020","DM","1845","-0.54","-0.29","0.10","-0.47","-0.37","-0.08","-1.64"
"","Corey Baird","RSL","2020","W","1649","-0.30","-0.17","0.10","-0.79","-0.58","-0.04","-1.79"
"","Lucas Zelarayán","CLB","2020","AM","1129","-0.31","-0.03","-0.23","-0.47","-0.43","-0.49","-1.96"
"","Mauro Manotas","HOU","2020","ST","1454","-0.58","-0.12","-0.14","-0.88","-0.23","-0.06","-2.01"
"","Aljaz Struna","HOU","2020","CB","1575","0.17","-0.47","-1.69","-0.04","-0.26","0.01","-2.28"
"","Joe Gyau","CIN","2020","W","1961","0.10","0.08","-0.21","-1.49","-0.53","-0.30","-2.35"
"","Yuya Kubo","CIN","2020","W","1412","-0.53","-0.07","-0.14","-0.71","-0.73","-0.20","-2.38"
"","Andrés Ríos","SJE","2020","ST","1845","-1.38","-0.33","-0.23","-0.40","0.15","-0.21","-2.40"