"","Player","Team","Season","Position","Minutes","Shots","SoT","G","xG","xPlace","G-xG","KeyP","A","xA","A-xA","xG+xA","PA","xPA"
"","Alejandro Pozuelo","TOR","2020","ST","2162","52","25","9","8.45","1.37","0.55","68","7","8.48","-1.48","16.94","8.35","6.47"
"","Diego Rossi","LAFC","2020","W","1851","71","34","14","10.94","2.55","3.06","26","2","3.52","-1.52","14.46","5.83","5.00"
"","Darwin Quintero","HOU","2020","W","1822","59","24","7","6.43","-0.74","0.57","60","6","7.43","-1.43","13.86","2.97","3.83"
"","Robert Beric","CHI","2020","ST","2101","62","29","12","11.25","0.12","0.75","20","1","2.19","-1.19","13.44","7.46","7.38"
"","Kacper Przybylko","PHI","2020","ST","2160","54","25","8","9.24","-0.64","-1.24","29","5","4.17","0.83","13.41","4.49","5.19"
"","Cristian Pavón","LAG","2020","W","2048","62","25","10","7.46","1.07","2.54","42","3","5.54","-2.54","13.00","5.08","4.57"
"","Nicolás Lodeiro","SEA","2020","AM","1854","39","17","7","6.10","-0.40","0.90","47","5","6.88","-1.88","12.99","3.74","4.09"
"","Diego Valeri","POR","2020","AM","1763","39","16","8","5.92","0.65","2.08","59","5","6.98","-1.98","12.90","3.65","3.40"
"","Valentín Castellanos","NYC","2020","ST","1493","75","34","6","9.88","-0.04","-3.88","17","2","2.36","-0.36","12.23","2.87","5.16"
"","Gyasi Zardes","CLB","2020","ST","1849","41","19","12","10.53","-0.41","1.47","16","3","1.51","1.49","12.04","5.64","4.43"
"","Raúl Ruidíaz","SEA","2020","ST","1558","55","23","12","9.51","1.53","2.49","16","3","2.49","0.51","12.00","6.74","6.45"
"","Jordan Morris","SEA","2020","W","1766","36","17","9","6.60","1.40","2.40","23","4","5.04","-1.04","11.64","5.90","3.85"
"","Lewis Morgan","MIA","2020","W","2105","56","18","5","4.76","0.21","0.24","62","5","6.35","-1.35","11.12","3.52","3.65"
"","Adam Buksa","NER","2020","ST","1643","59","24","6","8.71","-2.43","-2.71","16","1","1.87","-0.87","10.58","3.83","6.49"
"","Brian Rodríguez","LAFC","2020","W","1562","49","18","2","4.92","-0.76","-2.92","42","6","5.48","0.52","10.40","1.22","2.58"
"","Johnny Russell","SKC","2020","W","1656","50","17","6","5.52","0.02","0.48","30","2","4.68","-2.68","10.21","4.36","4.16"
"","Romell Quioto","MTL","2020","ST","1603","51","20","8","6.58","-1.06","1.42","22","5","3.09","1.91","9.67","3.71","4.08"
"","Lucas Cavallini","VAN","2020","ST","1584","44","18","6","8.91","-0.49","-2.91","7","0","0.74","-0.74","9.66","4.38","4.86"
"","Nani","ORL","2020","W","1594","51","16","6","4.73","-0.01","1.27","35","4","4.77","-0.77","9.50","4.47","2.95"
"","Chris Mueller","ORL","2020","W","1575","36","19","10","6.21","1.26","3.79","28","6","3.12","2.88","9.33","6.79","3.93"
"","Gustavo Bou","NER","2020","ST","1449","64","22","5","5.59","-0.80","-0.59","29","1","3.64","-2.64","9.23","3.74","4.74"
"","Pedro Santos","CLB","2020","W","1983","44","16","6","4.08","1.45","1.92","36","6","4.77","1.23","8.85","3.92","2.84"
"","Franco Jara","FCD","2020","ST","1491","37","20","7","7.26","-0.61","-0.26","14","0","1.59","-1.59","8.85","4.71","5.02"
"","Michael Barrios","FCD","2020","W","1819","35","10","1","3.63","-1.59","-2.63","39","3","5.15","-2.15","8.78","0.69","1.98"
"","Cristian Espinoza","SJE","2020","W","1907","52","19","3","2.45","0.95","0.55","46","7","6.11","0.89","8.56","2.37","1.39"
"","Albert Rusnák","RSL","2020","AM","1388","31","8","3","5.27","-1.84","-2.27","34","2","3.22","-1.22","8.49","1.62","3.15"
"","Sergio Santos","PHI","2020","ST","1304","34","12","8","5.84","-0.44","2.16","19","2","2.62","-0.62","8.45","3.20","2.79"
"","Brenden Aaronson","PHI","2020","AM","2065","36","16","4","5.34","0.57","-1.34","26","4","2.99","1.01","8.32","1.74","2.67"
"","Jesús Medina","NYC","2020","W","1605","32","16","5","5.18","1.03","-0.18","32","2","2.87","-0.87","8.05","2.98","3.39"
"","Memo Rodríguez","HOU","2020","CM","1710","52","16","5","5.42","0.23","-0.42","30","2","2.60","-0.60","8.02","3.01","3.46"
"","Fredy Montero","VAN","2020","ST","1158","31","13","5","5.15","-0.42","-0.15","16","2","2.77","-0.77","7.92","0.87","1.84"
"","Ayo Akinola","TOR","2020","ST","1147","36","18","9","7.50","0.73","1.50","6","0","0.40","-0.40","7.90","5.92","5.41"
"","Kevin Molino","MIN","2020","W","1364","38","17","9","6.32","1.14","2.68","15","2","1.52","0.48","7.84","3.80","4.11"
"","Mauro Manotas","HOU","2020","ST","1454","45","20","3","5.37","-1.16","-2.37","23","1","2.43","-1.43","7.80","3.35","3.52"
"","Chris Wondolowski","SJE","2020","ST","1386","31","19","7","6.58","2.41","0.42","10","1","1.14","-0.14","7.72","2.98","3.33"
"","Gadi Kinda","SKC","2020","CM","1486","35","11","6","5.18","0.02","0.82","24","2","2.41","-0.41","7.59","2.95","3.26"
"","Bradley Wright-Phillips","LAFC","2020","ST","1155","33","15","8","6.56","0.55","1.44","10","3","1.03","1.97","7.59","4.23","3.27"
"","Przemyslaw Frankowski","CHI","2020","W","1593","27","13","3","4.85","-0.54","-1.85","34","1","2.63","-1.63","7.48","2.41","2.86"
"","Robin Lod","MIN","2020","W","1720","40","13","7","4.78","0.78","2.22","22","3","2.58","0.42","7.35","3.05","2.53"
"","Felipe Mora","POR","2020","ST","1312","32","17","7","5.96","0.22","1.04","12","2","1.39","0.61","7.34","3.29","3.67"
"","Djordje Mihailovic","CHI","2020","W","1279","26","7","2","3.56","-1.12","-1.56","24","6","3.76","2.24","7.32","1.56","2.14"
"","Rodolfo Pizarro","MIA","2020","AM","1761","31","11","4","5.04","-0.14","-1.04","24","4","2.22","1.78","7.26","2.34","3.43"
"","Sebastian Lletget","LAG","2020","AM","1694","34","16","5","5.27","2.55","-0.27","17","3","1.94","1.06","7.21","2.47","3.22"
"","Jamiro Monteiro","PHI","2020","CM","2128","32","14","3","3.31","-0.16","-0.31","43","3","3.81","-0.81","7.12","1.63","2.09"
"","Tom Barlow","NYRB","2020","ST","1069","39","20","3","6.48","0.76","-3.48","3","0","0.38","-0.38","6.86","1.92","5.06"
"","Teal Bunbury","NER","2020","W","1582","43","12","8","5.19","-0.32","2.81","14","1","1.66","-0.66","6.84","6.23","4.13"
"","Alejandro Bedoya","PHI","2020","CM","1998","31","12","3","2.67","0.84","0.33","29","2","4.15","-2.15","6.82","1.97","1.79"
"","Julian Gressel","DCU","2020","W","1842","28","5","2","2.19","-0.12","-0.19","38","3","4.56","-1.56","6.76","0.68","1.37"
"","Alan Pulido","SKC","2020","ST","1045","36","18","6","5.26","1.12","0.74","12","4","1.40","2.60","6.67","3.89","3.09"
"","Khiry Shelton","SKC","2020","W","1594","29","14","5","4.84","0.33","0.16","25","1","1.81","-0.81","6.65","3.52","3.28"
"","Damir Kreilach","RSL","2020","ST","1903","48","20","8","5.76","3.06","2.24","10","1","0.76","0.24","6.52","4.93","3.52"
"","Keaton Parks","NYC","2020","DM","1884","40","16","3","4.63","0.65","-1.63","16","0","1.85","-1.85","6.48","1.29","2.83"
"","Pablo Piatti","TOR","2020","W","1410","39","16","4","3.78","0.75","0.22","26","2","2.59","-0.59","6.37","3.38","2.23"
"","Saphir Taïder","MTL","2020","CM","1054","19","5","4","3.80","-0.76","0.20","23","4","2.47","1.53","6.28","2.32","2.05"
"","Cristian Roldan","SEA","2020","W","1984","25","8","0","2.32","-1.25","-2.32","26","4","3.94","0.06","6.26","0.00","1.28"
"","Ola Kamara","DCU","2020","ST","1453","28","9","4","5.42","-1.51","-1.42","7","0","0.78","-0.78","6.20","2.11","3.44"
"","Álvaro Medrán","CHI","2020","DM","2157","37","13","2","2.52","0.58","-0.52","38","3","3.58","-0.58","6.09","0.71","1.16"
"","Júnior Urso","ORL","2020","CM","1888","33","13","3","3.91","-0.82","-0.91","12","1","2.12","-1.12","6.03","1.29","2.51"
"","Anton Tinnerholm","NYC","2020","FB","2210","21","6","4","1.54","-0.17","2.46","39","4","4.49","-0.49","6.03","2.25","0.82"
"","Daniel Royer","NYRB","2020","ST","1445","30","10","4","4.05","-0.29","-0.05","11","2","1.85","0.15","5.90","1.19","1.57"
"","Fabian Herbers","CHI","2020","AM","1459","31","10","4","3.91","-1.05","0.09","21","1","1.95","-0.95","5.86","2.00","2.44"
"","Maximiliano Urruti","MTL","2020","ST","963","22","11","5","5.34","0.51","-0.34","11","0","0.50","-0.50","5.84","4.81","4.00"
"","Cristian Dájome","VAN","2020","W","1746","31","10","3","2.54","-1.38","0.46","24","3","3.12","-0.12","5.66","0.93","0.96"
"","Maikel Chang","RSL","2020","W","1193","14","4","1","1.38","-0.32","-0.38","35","4","4.28","-0.28","5.65","1.06","0.96"
"","Andrés Ríos","SJE","2020","ST","1845","28","8","5","4.29","-0.76","0.71","24","1","1.31","-0.31","5.60","2.86","3.25"
"","Emanuel Reynoso","MIN","2020","AM","897","22","7","1","1.30","0.10","-0.30","33","6","4.20","1.80","5.50","0.00","0.65"
"","Jürgen Locadia","CIN","2020","ST","1483","51","14","1","4.77","-2.62","-3.77","9","0","0.71","-0.71","5.48","0.26","3.05"
"","Brooks Lennon","ATL","2020","FB","1941","14","5","2","1.13","0.87","0.87","25","3","4.24","-1.24","5.37","0.71","0.70"
"","Gonzalo Higuaín","MIA","2020","ST","861","35","12","1","3.86","-0.94","-2.86","12","2","1.40","0.60","5.26","1.06","2.52"
"","Daryl Dike","ORL","2020","ST","1321","30","12","8","4.58","0.78","3.42","6","1","0.62","0.38","5.20","4.91","2.50"
"","Tajon Buchanan","NER","2020","W","1229","30","12","2","3.27","-1.02","-1.27","12","2","1.89","0.11","5.16","1.32","2.93"
"","Daniel Ríos","NSH","2020","ST","790","25","8","4","4.18","-0.20","-0.18","6","0","0.93","-0.93","5.11","2.26","2.84"
"","Gerso","SKC","2020","W","925","23","5","3","2.71","-1.20","0.29","11","3","2.39","0.61","5.10","1.05","1.75"
"","Ethan Finlay","MIN","2020","W","1035","18","9","4","3.57","0.86","0.43","12","2","1.53","0.47","5.10","2.44","2.07"
"","Yimmi Chará","POR","2020","W","1345","23","12","4","2.93","1.10","1.07","16","3","2.16","0.84","5.09","2.22","1.36"
"","Jeremy Ebobisse","POR","2020","W","1163","32","14","8","3.91","0.83","4.09","12","2","1.11","0.89","5.02","5.37","2.40"
"","Héber","NYC","2020","ST","964","26","14","1","3.63","-0.42","-2.63","12","2","1.31","0.69","4.94","0.37","2.40"
"","Kei Kamara","MIN, COL","2020","ST","1082","28","10","4","3.85","1.54","0.14","11","1","1.06","-0.06","4.91","3.55","2.85"
"","Brandon Bye","NER","2020","FB","1791","13","2","0","1.11","-0.96","-1.11","17","1","3.80","-2.80","4.91","0.00","0.79"
"","Alexander Ring","NYC","2020","DM","2223","26","8","4","1.95","0.74","2.05","28","3","2.94","0.06","4.89","2.67","1.28"
"","Corey Baird","RSL","2020","W","1649","29","4","2","3.22","-1.66","-1.22","16","2","1.64","0.36","4.85","0.73","2.04"
"","Luis Díaz","CLB","2020","W","1291","31","13","0","2.70","-0.50","-2.70","11","3","2.15","0.85","4.85","0.00","1.09"
"","Carlos Fierro","SJE","2020","W","1050","21","8","2","3.32","-0.43","-1.32","11","3","1.49","1.51","4.81","1.06","1.92"
"","Bojan Krkić","MTL","2020","ST","1256","25","12","4","2.92","-0.03","1.08","19","2","1.86","0.14","4.79","2.71","2.36"
"","Haris Medunjanin","CIN","2020","DM","1906","9","2","1","1.03","-0.08","-0.03","43","1","3.73","-2.73","4.75","1.06","1.01"
"","Ariel Lassiter","HOU","2020","W","1027","30","16","3","3.66","-0.63","-0.66","12","1","1.07","-0.07","4.73","0.85","1.94"
"","Latif Blessing","LAFC","2020","CM","1878","15","6","1","2.69","-0.70","-1.69","25","2","2.01","-0.01","4.70","0.58","1.40"
"","Randall Leal","NSH","2020","W","1697","41","18","3","2.07","0.33","0.93","20","4","2.62","1.38","4.70","2.13","1.41"
"","Hany Mukhtar","NSH","2020","AM","1159","32","13","4","2.83","0.87","1.17","27","3","1.86","1.14","4.69","3.42","1.93"
"","Lucas Zelarayán","CLB","2020","AM","1129","23","10","6","2.23","1.82","3.77","25","2","2.44","-0.44","4.67","3.73","1.19"
"","Diego Rubio","COL","2020","ST","1137","24","7","3","2.98","-0.46","0.02","13","2","1.68","0.32","4.66","2.17","2.01"
"","Ryan Hollingshead","FCD","2020","FB","1907","31","11","4","2.82","0.34","1.18","18","0","1.81","-1.81","4.62","3.66","2.05"
"","Brian White","NYRB","2020","ST","954","26","11","5","4.10","-0.32","0.90","9","1","0.49","0.51","4.59","4.63","3.50"
"","Jozy Altidore","TOR","2020","ST","804","28","14","2","3.91","1.06","-1.91","10","0","0.63","-0.63","4.54","1.91","3.19"
"","Ali Adnan","VAN","2020","FB","1953","14","5","2","0.61","0.31","1.39","16","4","3.91","0.09","4.52","1.43","0.36"
"","Kelvin Leerdam","SEA","2020","FB","1586","17","3","3","2.26","-1.71","0.74","17","1","2.25","-1.25","4.50","1.00","1.18"
"","Alejandro Romero Gamarra","NYRB","2020","AM","1161","16","5","2","1.29","0.86","0.71","29","3","3.16","-0.16","4.45","0.49","0.69"
"","Justin Meram","RSL","2020","W","1242","16","8","3","2.06","0.31","0.94","14","3","2.32","0.68","4.38","1.28","1.27"
"","José Cifuentes","LAFC","2020","CM","1239","34","10","1","1.60","0.44","-0.60","24","2","2.74","-0.74","4.34","0.10","0.72"
"","Mark-Anthony Kaye","LAFC","2020","CM","1173","13","4","3","2.28","0.24","0.72","22","4","2.05","1.95","4.34","2.13","1.07"
"","Yamil Asad","DCU","2020","W","1753","19","7","3","2.73","0.37","0.27","16","2","1.58","0.42","4.31","2.84","2.43"
"","Alberth Elis","HOU","2020","W","413","17","8","4","3.54","-0.29","0.47","7","2","0.74","1.26","4.27","2.15","2.07"
"","Jared Stroud","NYRB","2020","W","1033","8","0","0","0.39","-0.39","-0.39","25","2","3.88","-1.88","4.27","0.00","0.22"
"","Andre Shinyashiki","COL","2020","W","1094","33","18","4","3.18","1.66","0.82","14","0","1.09","-1.09","4.27","1.74","1.89"
"","Lee Nguyen","MIA, NER","2020","AM","917","11","6","1","1.85","-0.20","-0.85","31","1","2.41","-1.41","4.26","0.24","1.46"
"","Niko Hansen","HOU","2020","W","799","18","7","2","2.93","-0.38","-0.93","7","1","1.29","-0.29","4.22","1.91","2.38"
"","Ronald Matarrita","NYC","2020","FB","1809","16","3","0","0.76","-0.52","-0.76","34","2","3.41","-1.41","4.18","0.00","0.54"
"","Eduard Atuesta","LAFC","2020","DM","1472","32","4","1","2.38","-1.30","-1.38","18","2","1.77","0.23","4.15","0.26","1.01"
"","Diego Fagundez","NER","2020","DM","1076","21","5","1","2.93","-0.90","-1.93","17","0","1.21","-1.21","4.14","0.09","1.70"
"","Brandon Vázquez","CIN","2020","ST","881","23","9","2","3.37","-1.05","-1.37","5","2","0.76","1.24","4.13","1.29","2.13"
"","Samuel Piette","MTL","2020","CM","2116","19","6","1","1.81","-0.23","-0.81","22","1","2.28","-1.28","4.09","0.44","1.11"
"","Benji Michel","ORL","2020","W","974","16","10","5","2.64","1.63","2.36","11","2","1.42","0.58","4.06","3.33","1.76"
"","Florian Valot","NYRB","2020","W","1637","24","6","2","2.11","-0.02","-0.11","20","2","1.93","0.07","4.04","0.99","1.30"
"","Gianluca Busio","SKC","2020","DM","1408","36","6","1","2.33","-1.89","-1.33","16","3","1.70","1.30","4.03","1.06","1.64"
"","Ezequiel Barco","ATL","2020","W","1145","31","14","2","3.25","0.96","-1.25","16","2","0.75","1.25","4.00","1.22","1.93"
"","Carlos Vela","LAFC","2020","W","479","22","10","4","2.47","0.45","1.53","13","1","1.51","-0.51","3.98","2.01","1.43"
"","Mauricio Pereyra","ORL","2020","AM","1174","9","4","2","0.58","0.98","1.42","32","5","3.36","1.64","3.94","2.19","0.44"
"","Ignacio Aliseda","CHI","2020","W","1532","26","6","1","2.62","-0.71","-1.62","14","1","1.29","-0.29","3.91","0.07","1.47"
"","Juan Agudelo","MIA","2020","ST","940","19","4","3","3.02","-0.89","-0.02","4","0","0.87","-0.87","3.89","2.23","2.15"
"","Maximiliano Moralez","NYC","2020","AM","956","13","7","1","1.62","1.04","-0.62","28","4","2.25","1.75","3.87","0.26","0.57"
"","Sebastián Blanco","POR","2020","W","722","22","7","2","1.49","0.06","0.51","12","4","2.37","1.63","3.85","1.46","0.76"
"","Younes Namli","COL","2020","W","1350","23","10","2","1.01","0.77","0.99","22","3","2.81","0.19","3.82","1.86","0.80"
"","Chicharito","LAG","2020","ST","725","20","6","2","3.50","-1.10","-1.50","3","0","0.29","-0.29","3.80","1.42","2.44"
"","Fafa Picault","FCD","2020","W","1127","22","8","3","1.91","0.34","1.09","14","1","1.83","-0.83","3.74","0.92","1.25"
"","Ricardo Pepi","FCD","2020","ST","557","14","6","2","3.17","-0.43","-1.17","4","1","0.57","0.43","3.74","1.41","1.50"
"","Andrés Ricaurte","FCD","2020","AM","1187","17","6","1","0.98","0.80","0.02","30","1","2.71","-1.71","3.69","0.66","0.28"
"","Kyle Duncan","NYRB","2020","FB","2084","13","4","3","0.95","0.47","2.04","14","2","2.72","-0.72","3.67","2.17","0.73"
"","Ruan","ORL","2020","FB","1781","7","2","0","1.13","-0.76","-1.13","17","3","2.47","0.53","3.60","0.00","0.36"
"","Jonathan Lewis","COL","2020","W","801","27","10","5","3.08","-0.22","1.92","7","0","0.52","-0.52","3.60","3.56","1.46"
"","Jan Gregus","MIN","2020","DM","1745","35","8","1","1.45","-0.77","-0.45","26","5","2.14","2.86","3.59","0.59","1.02"
"","Gary Mackay-Steven","NYC","2020","W","1075","22","15","2","2.57","0.42","-0.57","9","1","1.00","0.00","3.57","1.38","1.96"
"","Tesho Akindele","ORL","2020","ST","922","12","6","3","2.49","0.48","0.51","11","0","1.07","-1.07","3.57","1.04","1.39"
"","Cole Bassett","COL","2020","AM","1062","22","9","5","2.49","1.19","2.51","11","5","1.08","3.92","3.56","2.64","1.64"
"","Ethan Zubak","LAG","2020","ST","853","19","7","2","2.94","0.18","-0.94","6","0","0.54","-0.54","3.49","1.02","1.85"
"","Ismael Tajouri-Shradi","NYC","2020","W","776","21","8","3","2.78","-0.56","0.22","12","1","0.70","0.30","3.49","2.16","1.68"
"","Lassi Lappalainen","MTL","2020","FB","748","13","11","4","2.42","1.39","1.58","7","0","1.06","-1.06","3.48","1.58","1.24"
"","Shea Salinas","SJE","2020","W","900","10","3","2","1.99","-0.68","0.01","13","2","1.48","0.52","3.47","2.25","1.02"
"","Ilsinho","PHI","2020","ST","760","10","4","3","1.34","0.19","1.66","11","3","2.08","0.92","3.43","2.32","0.46"
"","Douglas Martínez","RSL","2020","ST","917","20","8","2","2.61","-0.91","-0.61","8","0","0.79","-0.79","3.40","0.87","1.52"
"","Dominique Badji","NSH","2020","ST","788","18","5","1","2.81","-1.23","-1.81","7","1","0.58","0.42","3.38","0.52","1.78"
"","Valeri Qazaishvili","SJE","2020","W","866","28","14","3","3.02","1.07","-0.02","8","1","0.34","0.66","3.36","1.88","1.86"
"","Kellyn Acosta","COL","2020","DM","1246","27","11","2","2.71","-0.21","-0.71","8","1","0.61","0.39","3.32","1.66","1.80"
"","Jonathan Osorio","TOR","2020","DM","1533","18","6","1","2.30","-1.14","-1.30","15","2","1.01","0.99","3.31","0.64","1.44"
"","Eryk Williamson","POR","2020","DM","1543","16","5","3","1.94","0.34","1.06","12","4","1.36","2.64","3.30","1.30","1.00"
"","Luis Amarilla","MIN","2020","ST","455","16","5","2","3.02","-0.83","-1.02","3","1","0.24","0.76","3.26","1.62","1.62"
"","Gastón Giménez","CHI","2020","DM","1718","21","7","0","1.38","-0.47","-1.38","19","3","1.88","1.12","3.26","0.00","1.23"
"","Adam Jahn","ATL","2020","ST","1174","15","8","3","2.72","1.09","0.28","7","1","0.52","0.48","3.24","2.42","2.71"
"","Efrain Álvarez","LAG","2020","W","755","16","4","1","1.70","-0.30","-0.70","17","1","1.48","-0.48","3.18","0.60","1.01"
"","Alexandru Mitrita","NYC","2020","W","775","23","9","4","1.85","1.28","2.15","16","2","1.27","0.73","3.12","2.10","1.10"
"","Jon Gallagher","ATL","2020","W","1055","13","7","4","1.72","0.91","2.28","12","0","1.40","-1.40","3.12","2.37","1.08"
"","Edison Flores","DCU","2020","W","962","15","4","0","0.83","-0.21","-0.83","19","3","2.28","0.72","3.11","0.00","0.60"
"","Nick DeLeon","TOR","2020","W","1038","21","4","1","1.51","0.07","-0.51","10","2","1.59","0.41","3.10","0.02","0.82"
"","Alex Muyl","NYRB, NSH","2020","W","1236","17","5","0","1.94","-0.83","-1.94","10","2","1.16","0.84","3.10","0.00","1.09"
"","Danny Musovski","LAFC","2020","ST","724","20","15","5","2.79","1.60","2.21","4","0","0.28","-0.28","3.07","1.43","0.94"
"","Youness Mokhtar","CLB","2020","W","907","21","8","3","2.26","0.54","0.74","8","1","0.79","0.21","3.06","1.37","1.20"
"","Pity Martínez","ATL","2020","AM","653","17","7","2","1.00","0.66","1.00","14","1","2.05","-1.05","3.04","0.84","0.55"
"","Walker Zimmerman","NSH","2020","CB","2110","19","9","3","1.95","0.55","1.05","7","0","1.08","-1.08","3.02","2.34","1.48"
"","Bryan Reynolds","FCD","2020","FB","1399","4","1","0","0.17","-0.13","-0.17","15","3","2.83","0.17","3.00","0.00","0.08"
"","David Milinkovic","VAN","2020","W","974","8","3","1","1.26","-0.14","-0.26","11","4","1.74","2.26","3.00","0.91","0.90"
"","Abu Danladi","NSH","2020","ST","644","17","4","2","2.20","-0.35","-0.20","7","1","0.78","0.22","2.98","0.64","1.05"
"","Erick Torres","ATL","2020","ST","569","15","6","1","2.94","-0.87","-1.94","0","0","0.00","0.00","2.94","0.00","1.42"
"","Tommy McNamara","HOU, NER","2020","DM","1133","18","3","0","1.45","-0.43","-1.45","10","1","1.49","-0.49","2.94","0.00","1.39"
"","Reto Ziegler","FCD","2020","CB","1675","6","4","2","1.69","0.27","0.31","15","1","1.25","-0.25","2.94","0.87","0.76"
"","Anthony Fontana","PHI","2020","AM","599","16","13","6","2.55","2.90","3.45","4","0","0.34","-0.34","2.89","4.57","1.25"
"","Boris Sekulic","CHI","2020","FB","1975","14","4","2","1.56","-0.04","0.44","16","1","1.32","-0.32","2.88","1.11","1.07"
"","Nick Lima","SJE","2020","FB","1649","16","6","2","0.75","0.26","1.25","13","2","2.13","-0.13","2.87","0.83","0.41"
"","Elliot Collier","CHI","2020","W","655","20","7","0","2.06","-0.74","-2.06","3","0","0.78","-0.78","2.84","0.00","1.56"
"","Cristian Penilla","NER","2020","W","1047","19","6","0","1.70","-0.68","-1.70","15","3","1.11","1.89","2.81","0.00","1.21"
"","Donovan Pines","DCU","2020","CB","1501","15","8","3","2.41","1.45","0.59","2","0","0.38","-0.38","2.79","2.25","1.79"
"","Sacha Kljestan","LAG","2020","CM","846","13","4","0","1.39","-0.71","-1.39","13","0","1.39","-1.39","2.78","0.00","0.59"
"","Zachary Brault-Guillard","MTL","2020","FB","1958","10","0","0","0.56","-0.56","-0.56","18","0","2.21","-2.21","2.77","0.00","0.36"
"","Nouhou Tolo","SEA","2020","FB","1448","9","2","0","1.07","-0.93","-1.07","7","1","1.67","-0.67","2.74","0.00","0.28"
"","Mohamed El-Munir","LAFC","2020","FB","694","11","2","1","0.48","0.14","0.52","10","1","2.26","-1.26","2.73","0.03","0.21"
"","Romain Métanire","MIN","2020","FB","1946","6","2","0","0.19","-0.09","-0.19","22","3","2.52","0.48","2.71","0.00","0.03"
"","Richie Laryea","TOR","2020","FB","1498","13","6","4","1.15","0.68","2.85","12","3","1.55","1.45","2.70","1.94","0.61"
"","Siem de Jong","CIN","2020","ST","871","18","5","0","2.21","-1.68","-2.21","7","0","0.45","-0.45","2.66","0.00","1.47"
"","Andrés Perea","ORL","2020","AM","1386","16","3","0","1.45","-1.18","-1.45","9","1","1.21","-0.21","2.66","0.00","0.67"
"","João Paulo","SEA","2020","DM","1521","16","6","2","0.71","1.14","1.29","23","2","1.92","0.08","2.63","0.73","0.40"
"","Yuya Kubo","CIN","2020","W","1412","19","7","3","1.73","0.99","1.27","12","0","0.90","-0.90","2.63","1.65","1.04"
"","Nicolás Figal","MIA","2020","CB","1929","22","9","0","1.46","-0.65","-1.46","7","0","1.16","-1.16","2.62","0.00","1.38"
"","Dax McCarty","NSH","2020","DM","1809","11","4","1","0.48","0.17","0.52","22","2","2.11","-0.11","2.59","0.40","0.34"
"","Omir Fernandez","NYRB","2020","W","652","12","3","2","1.96","-0.23","0.04","6","1","0.59","0.41","2.55","1.47","1.45"
"","Auro","TOR","2020","FB","1628","4","3","0","0.25","0.06","-0.25","14","0","2.29","-2.29","2.54","0.00","0.13"
"","Ben Sweat","MIA","2020","FB","1830","10","5","0","1.17","0.51","-1.17","10","2","1.34","0.66","2.51","0.00","0.96"
"","Jaroslaw Niezgoda","POR","2020","ST","692","12","9","7","2.14","2.01","4.86","4","1","0.37","0.63","2.50","3.26","1.09"
"","Carles Gil","NER","2020","AM","405","7","2","0","1.23","-1.05","-1.23","21","1","1.27","-0.27","2.50","0.00","0.70"
"","Jackson Yueill","SJE","2020","CM","2023","20","8","1","1.34","0.76","-0.34","18","1","1.16","-0.16","2.49","1.00","1.05"
"","Christian Ramirez","HOU","2020","ST","757","13","7","2","2.08","-0.51","-0.08","5","1","0.40","0.60","2.47","1.70","1.51"
"","Jürgen Damm","ATL","2020","W","700","8","1","0","0.68","-0.55","-0.68","11","3","1.78","1.22","2.47","0.00","0.43"
"","Jorge Villafaña","POR","2020","FB","1711","3","1","1","0.35","0.17","0.65","10","5","2.11","2.89","2.46","1.67","0.51"
"","Aaron Herrera","RSL","2020","FB","1944","17","2","0","0.87","-0.79","-0.87","15","1","1.59","-0.59","2.46","0.00","0.59"
"","Derrick Etienne","CLB","2020","W","1015","13","2","1","1.08","-0.22","-0.08","13","2","1.37","0.63","2.45","0.61","0.58"
"","Marcelino Moreno","ATL","2020","AM","498","14","7","2","2.06","-0.11","-0.06","7","1","0.37","0.63","2.43","0.76","0.85"
"","C.J. Sapong","CHI","2020","ST","542","8","3","2","2.05","0.12","-0.05","3","0","0.38","-0.38","2.43","0.53","0.77"
"","Will Bruin","SEA","2020","ST","567","12","4","1","2.12","-0.34","-1.12","3","0","0.29","-0.29","2.41","1.00","1.31"
"","Robbie Robinson","MIA","2020","ST","501","11","2","0","1.53","-1.27","-1.53","3","0","0.88","-0.88","2.41","0.00","1.25"
"","Aaron Schoenfeld","MIN","2020","ST","472","14","4","1","1.95","-0.88","-0.95","3","0","0.46","-0.46","2.41","1.01","1.52"
"","Darwin Cerén","HOU","2020","CM","1661","14","6","1","1.34","0.02","-0.34","14","2","1.06","0.94","2.40","0.48","0.85"
"","Francisco Ginella","LAFC","2020","CM","1277","10","5","1","0.51","0.33","0.49","14","3","1.86","1.14","2.37","0.36","0.37"
"","Matías Pellegrini","MIA","2020","W","1060","16","5","1","1.12","0.46","-0.12","13","2","1.24","0.76","2.36","0.80","0.78"
"","Harrison Afful","CLB","2020","FB","1968","11","3","1","0.32","0.16","0.68","16","1","2.04","-1.04","2.36","0.90","0.25"
"","Julian Araujo","LAG","2020","FB","1315","8","3","1","0.79","-0.48","0.21","14","2","1.55","0.45","2.34","0.56","0.34"
"","Daniel Lovitz","NSH","2020","FB","2041","8","1","1","0.42","0.13","0.58","23","2","1.86","0.14","2.28","0.61","0.31"
"","Mauricio Pineda","CHI","2020","CB","2195","9","3","3","1.79","0.08","1.21","3","2","0.48","1.52","2.27","2.78","1.69"
"","Magnus Eriksson","SJE","2020","AM","507","10","1","1","1.12","-0.24","-0.12","15","1","1.15","-0.15","2.26","0.58","0.68"
"","Diego Chara","POR","2020","DM","1971","3","1","1","0.81","0.09","0.19","11","5","1.45","3.55","2.26","0.54","0.44"
"","Jack Price","COL","2020","DM","1438","5","2","0","0.14","-0.09","-0.14","28","4","2.11","1.89","2.25","0.00","0.09"
"","Joe Gyau","CIN","2020","W","1961","21","8","1","1.14","-0.33","-0.14","15","0","1.10","-1.10","2.24","0.37","0.68"
"","Emiliano Insúa","LAG","2020","FB","1942","2","0","0","0.06","-0.06","-0.06","19","2","2.17","-0.17","2.24","0.00","0.05"
"","Maynor Figueroa","HOU","2020","CB","1879","19","3","2","1.80","-0.07","0.20","4","0","0.44","-0.44","2.24","2.74","2.06"
"","Alexander Büttner","NER","2020","FB","1348","14","1","0","0.36","-0.18","-0.36","26","3","1.87","1.13","2.24","0.00","0.22"
"","Nicolás Mezquida","COL","2020","AM","577","18","7","1","1.53","0.43","-0.53","8","1","0.69","0.31","2.23","0.00","0.72"
"","Gelmin Rivas","DCU","2020","ST","557","17","5","2","1.69","0.10","0.31","2","0","0.54","-0.54","2.22","2.18","1.19"
"","Jesús Ferreira","FCD","2020","AM","1065","19","7","1","1.70","-1.24","-0.70","8","1","0.52","0.48","2.22","0.49","1.33"
"","Mason Toye","MIN, MTL","2020","ST","667","10","4","1","1.35","-0.85","-0.35","8","1","0.86","0.14","2.21","0.56","0.86"
"","Braian Galván","COL","2020","W","285","8","2","1","1.12","-0.38","-0.12","8","1","1.09","-0.09","2.21","0.06","0.17"
"","Victor Wanyama","MTL","2020","DM","2079","22","8","2","1.55","-0.01","0.45","10","1","0.64","0.36","2.19","2.22","1.17"
"","Roger Espinoza","SKC","2020","CM","1054","19","8","2","1.68","0.14","0.32","7","1","0.51","0.49","2.19","1.29","1.11"
"","Maxime Chanot","NYC","2020","CB","1887","19","4","0","1.63","-0.53","-1.63","5","0","0.56","-0.56","2.19","0.00","1.12"
"","Nedum Onuoha","RSL","2020","CB","1415","12","2","0","1.84","-1.09","-1.84","4","0","0.34","-0.34","2.19","0.00","1.36"
"","Eric Remedi","ATL","2020","DM","1280","11","1","1","1.79","-0.85","-0.79","4","1","0.39","0.61","2.18","0.68","1.01"
"","Adam Lundkvist","HOU","2020","FB","1975","6","2","0","0.12","-0.00","-0.12","20","0","2.06","-2.06","2.17","0.00","0.06"
"","Ilie Sánchez","SKC","2020","DM","1390","7","1","0","0.71","-0.69","-0.71","12","1","1.44","-0.44","2.16","0.00","0.40"
"","Tsubasa Endoh","TOR","2020","W","714","11","4","1","1.12","0.55","-0.12","8","0","1.03","-1.03","2.15","0.40","0.53"
"","Derrick Jones","NSH","2020","ST","987","9","3","0","1.19","-0.41","-1.19","6","2","0.96","1.04","2.15","0.00","0.61"
"","Santiago Mosquera","FCD","2020","W","463","17","9","4","1.96","0.68","2.04","4","0","0.18","-0.18","2.13","1.19","1.06"
"","Allan Cruz","CIN","2020","AM","841","8","2","1","1.06","-0.07","-0.06","10","0","1.07","-1.07","2.13","0.41","0.51"
"","Brek Shea","MIA","2020","W","704","13","6","4","1.76","-0.67","2.24","3","0","0.36","-0.36","2.11","3.51","1.61"
"","Handwalla Bwana","NSH, SEA","2020","W","259","5","3","1","1.81","0.45","-0.81","2","0","0.29","-0.29","2.10","1.29","0.94"
"","Marvin Loría","POR","2020","W","786","15","6","0","1.09","-0.26","-1.09","9","0","1.01","-1.01","2.10","0.00","0.45"
"","Blaise Matuidi","MIA","2020","DM","1387","15","2","1","0.97","-0.15","0.03","12","0","1.12","-1.12","2.09","0.81","0.81"
"","Graham Zusi","SKC","2020","FB","1356","21","4","1","0.86","-0.72","0.14","15","1","1.22","-0.22","2.09","1.51","0.81"
"","Artur","CLB","2020","DM","2008","11","6","2","0.92","0.25","1.08","10","2","1.15","0.85","2.07","1.34","0.54"
"","Joe Corona","LAG","2020","DM","974","9","5","1","1.25","0.22","-0.25","10","0","0.82","-0.82","2.07","0.38","0.84"
"","Julián Carranza","MIA","2020","ST","655","12","4","2","1.79","0.71","0.21","4","0","0.27","-0.27","2.06","1.19","1.11"
"","Nicolas Benezet","COL","2020","W","551","9","3","0","0.75","-0.62","-0.75","13","1","1.30","-0.30","2.06","0.00","0.79"
"","Marco Delgado","TOR","2020","CM","1564","11","4","0","0.59","-0.05","-0.59","17","1","1.46","-0.46","2.05","0.00","0.36"
"","Mark McKenzie","PHI","2020","CB","2190","13","4","2","1.76","-0.98","0.24","3","1","0.25","0.75","2.01","2.01","1.24"
"","Victor Ulloa","MIA","2020","DM","1582","10","1","0","0.60","-0.58","-0.60","16","2","1.40","0.60","2.00","0.00","0.45"
"","Kelyn Rowe","NER","2020","DM","980","17","4","0","1.16","-0.85","-1.16","10","0","0.84","-0.84","2.00","0.00","0.75"
"","Erik Hurtado","SKC","2020","ST","450","19","8","5","1.91","0.57","3.09","2","0","0.08","-0.08","1.99","2.77","0.97"
"","Yordy Reyna","VAN, DCU","2020","ST","717","12","3","1","1.39","-0.71","-0.39","7","1","0.60","0.40","1.99","0.97","0.90"
"","Milton Valenzuela","CLB","2020","FB","1578","9","1","0","0.43","-0.29","-0.43","13","3","1.56","1.44","1.99","0.00","0.30"
"","Erik Sorga","DCU","2020","ST","790","16","4","1","1.72","-0.59","-0.72","5","0","0.21","-0.21","1.93","1.00","0.82"
"","Jake Nerwinski","VAN","2020","FB","1868","5","4","2","1.23","0.61","0.77","7","0","0.68","-0.68","1.91","1.77","0.97"
"","Amar Sejdic","MTL","2020","CM","775","12","5","2","1.15","-0.10","0.85","7","0","0.74","-0.74","1.88","0.95","0.65"
"","DeJuan Jones","NER","2020","FB","1242","7","5","0","0.45","0.12","-0.45","16","0","1.43","-1.43","1.88","0.00","0.33"
"","Raheem Edwards","MIN","2020","W","329","5","0","0","0.67","-0.67","-0.67","5","2","1.19","0.81","1.86","0.00","0.61"
"","Joevin Jones","SEA","2020","FB","896","9","4","2","1.54","0.46","0.46","4","2","0.31","1.69","1.86","0.04","0.20"
"","Zdenek Ondrasek","FCD","2020","ST","343","11","3","2","1.78","-0.18","0.22","2","0","0.07","-0.07","1.85","1.14","1.54"
"","Sam Vines","COL","2020","FB","1776","3","1","1","0.57","0.27","0.43","11","3","1.23","1.77","1.80","0.27","0.19"
"","Hassani Dotson","MIN","2020","DM","1339","19","7","1","1.08","-0.41","-0.08","10","1","0.70","0.30","1.78","0.40","1.03"
"","José Aja","MIN","2020","CB","1171","11","3","1","1.22","0.02","-0.22","3","0","0.56","-0.56","1.78","0.40","0.84"
"","Chris Odoi-Atsem","DCU","2020","FB","868","3","2","1","0.92","-0.17","0.08","5","0","0.85","-0.85","1.77","1.06","0.58"
"","Pablo Ruiz","RSL","2020","DM","1413","33","8","1","1.05","-0.70","-0.05","16","1","0.70","0.29","1.75","1.05","0.66"
"","Yeimar Gómez Andrade","SEA","2020","CB","1696","16","5","2","1.54","-0.28","0.46","3","0","0.22","-0.22","1.75","1.37","0.94"
"","Cade Cowell","SJE","2020","W","553","14","7","1","0.98","0.07","0.02","6","1","0.74","0.26","1.72","0.94","0.19"
"","Jacori Hayes","MIN","2020","DM","657","4","1","1","0.71","-0.00","0.29","7","1","1.00","-0.00","1.72","0.05","0.07"
"","Miguel Ángel Navarro","CHI","2020","FB","1096","11","1","0","0.51","-0.44","-0.51","11","0","1.20","-1.20","1.71","0.00","0.28"
"","Yony González","LAG","2020","ST","506","13","6","0","1.40","-0.99","-1.40","4","1","0.30","0.70","1.70","0.00","0.43"
"","Diego Palacios","LAFC","2020","FB","1321","4","0","0","0.13","-0.13","-0.13","13","0","1.56","-1.56","1.69","0.00","0.05"
"","Kekuta Manneh","CIN, NER","2020","W","288","9","5","1","0.80","-0.10","0.20","6","1","0.88","0.12","1.68","0.60","0.51"
"","Alistair Johnston","NSH","2020","FB","1474","4","3","0","0.41","-0.08","-0.41","13","0","1.23","-1.23","1.64","0.00","0.30"
"","Sam Johnson","RSL","2020","ST","383","6","1","1","1.47","-0.60","-0.47","4","0","0.16","-0.16","1.63","1.85","1.62"
"","Eddie Segura","LAFC","2020","CB","2068","17","5","2","1.49","0.27","0.51","3","0","0.13","-0.13","1.62","1.41","0.90"
"","Leandro González Pirez","MIA","2020","CB","1580","11","4","2","1.42","-0.49","0.58","3","1","0.14","0.85","1.57","2.11","1.33"
"","Cory Burke","PHI","2020","ST","141","9","5","2","1.56","1.28","0.44","0","0","0.00","0.00","1.56","1.04","0.54"
"","Jake Mulraney","ATL","2020","W","800","9","5","1","0.94","-0.07","0.06","7","1","0.61","0.39","1.55","1.32","0.86"
"","Francisco Calvo","CHI","2020","CB","2085","16","3","1","0.96","-0.19","0.04","5","0","0.58","-0.58","1.54","1.12","0.66"
"","Tommy Thompson","SJE","2020","FB","1211","10","4","1","0.97","-0.75","0.03","8","2","0.57","1.43","1.54","0.09","0.49"
"","Michael Boxall","MIN","2020","CB","1868","8","3","0","1.39","-0.73","-1.39","1","0","0.15","-0.15","1.53","0.00","1.10"
"","Emerson Hyndman","ATL","2020","CM","1515","14","6","2","0.48","0.79","1.52","11","1","1.05","-0.05","1.53","1.13","0.31"
"","Jeff Larentowicz","ATL","2020","DM","1250","7","2","2","1.15","0.49","0.85","5","0","0.38","-0.38","1.53","1.40","0.80"
"","Sebastián Méndez","ORL","2020","CM","1215","17","3","0","1.32","-0.41","-1.32","3","0","0.19","-0.19","1.51","0.00","0.84"
"","Cristhian Paredes","POR","2020","CM","911","10","4","0","1.15","-0.86","-1.15","7","0","0.36","-0.36","1.51","0.00","0.61"
"","Frankie Amaya","CIN","2020","CM","1881","21","6","1","1.05","0.71","-0.05","10","0","0.46","-0.46","1.51","0.88","0.67"
"","Bryan Acosta","FCD","2020","DM","801","17","8","0","0.75","0.08","-0.75","14","1","0.75","0.25","1.50","0.00","0.58"
"","Olivier Mbaizo","PHI","2020","FB","1156","3","2","0","0.16","0.58","-0.16","11","1","1.33","-0.33","1.49","0.00","0.09"
"","Mandela Egbo","NYRB","2020","FB","486","5","3","1","0.88","0.05","0.12","3","1","0.60","0.40","1.48","0.60","0.54"
"","Luis Martins","SKC","2020","FB","861","6","3","0","0.13","-0.04","-0.13","12","1","1.34","-0.34","1.46","0.00","0.10"
"","Kyle Smith","ORL","2020","FB","1161","8","5","0","0.50","0.04","-0.50","10","1","0.96","0.04","1.46","0.00","0.27"
"","Ben Mines","NYRB","2020","W","207","3","1","1","0.73","-0.38","0.27","4","1","0.72","0.28","1.45","0.21","0.23"
"","Nick DePuy","LAG","2020","CB","1436","9","3","0","0.85","-0.15","-0.85","3","1","0.60","0.40","1.45","0.00","0.61"
"","Dylan Nealis","MIA","2020","FB","1239","10","1","0","0.75","-0.72","-0.75","10","0","0.70","-0.70","1.45","0.00","0.80"
"","Chase Gasper","MIN","2020","FB","1639","17","6","1","0.64","0.23","0.36","10","1","0.78","0.22","1.42","0.81","0.50"
"","Miguel Ibarra","SEA","2020","W","312","8","3","0","1.42","-0.38","-1.42","0","0","0.00","0.00","1.42","0.00","1.13"
"","Alexander Callens","NYC","2020","CB","2131","9","3","2","1.20","0.60","0.80","1","0","0.22","-0.22","1.42","0.66","0.75"
"","Gudmundur Thórarinsson","NYC","2020","FB","802","5","1","0","0.23","-0.13","-0.23","13","1","1.18","-0.18","1.41","0.00","0.09"
"","Ulises Segura","DCU","2020","ST","745","9","5","0","0.69","0.49","-0.69","8","0","0.71","-0.71","1.40","0.00","0.51"
"","Boniek García","HOU","2020","CM","926","12","1","0","0.75","-0.25","-0.75","8","0","0.65","-0.65","1.40","0.00","0.74"
"","Kevin Paredes","DCU","2020","FB","1048","5","3","0","0.81","-0.36","-0.81","8","1","0.59","0.41","1.40","0.00","0.59"
"","João Moutinho","ORL","2020","FB","746","7","1","0","0.46","-0.38","-0.46","6","2","0.94","1.06","1.39","0.00","0.29"
"","Adrien Regattin","CIN","2020","ST","685","10","3","0","0.68","-0.41","-0.68","10","2","0.70","1.30","1.38","0.00","0.37"
"","Kai Wagner","PHI","2020","FB","1296","5","1","1","0.10","-0.03","0.90","11","2","1.27","0.73","1.38","0.53","0.06"
"","Aníbal Godoy","NSH","2020","DM","1606","23","8","1","0.98","0.58","0.02","9","0","0.39","-0.39","1.37","0.80","0.74"
"","Jhonder Cádiz","NSH","2020","ST","255","15","6","2","1.37","-0.06","0.63","0","0","0.00","0.00","1.37","1.34","1.14"
"","Felipe Hernandez","SKC","2020","CM","867","8","0","0","0.73","-0.73","-0.73","2","0","0.64","-0.64","1.37","0.00","0.66"
"","Daniel Steres","LAG","2020","CB","1852","9","3","1","1.15","0.43","-0.15","3","0","0.21","-0.21","1.36","0.66","1.21"
"","Pablo Bonilla","POR","2020","FB","947","4","0","0","0.25","-0.25","-0.25","7","0","1.11","-1.11","1.36","0.00","0.14"
"","Tristan Blackmon","LAFC","2020","FB","1078","4","1","0","0.58","-0.48","-0.58","7","0","0.77","-0.77","1.35","0.00","0.27"
"","Matt Hedges","FCD","2020","CB","1695","8","2","0","0.94","0.05","-0.94","4","0","0.40","-0.40","1.34","0.00","0.82"
"","Taylor Washington","NSH","2020","W","471","1","0","0","0.03","-0.03","-0.03","9","1","1.30","-0.30","1.33","0.00","0.05"
"","Cristián Gutiérrez","VAN","2020","FB","744","0","0","0","0.00","0.00","0.00","10","1","1.33","-0.33","1.33","0.00","0.00"
"","Leonard Owusu","VAN","2020","CM","1443","10","0","0","0.74","-0.74","-0.74","4","0","0.58","-0.58","1.32","0.00","0.38"
"","Andrew Wooten","PHI","2020","ST","537","3","1","0","0.60","-0.39","-0.60","5","1","0.71","0.29","1.31","0.00","0.04"
"","Cristian Cásseres Jr","NYRB","2020","CM","1440","13","7","2","0.63","0.75","1.37","8","1","0.68","0.32","1.31","1.35","0.38"
"","Dave Romney","NSH","2020","CB","2235","12","3","1","0.87","-0.26","0.13","4","0","0.43","-0.43","1.30","0.60","0.57"
"","José Andrés Martínez","PHI","2020","DM","1242","20","3","0","0.46","-0.28","-0.46","5","2","0.82","1.18","1.28","0.00","0.31"
"","Felipe","DCU","2020","CM","712","11","3","0","0.70","-0.43","-0.70","4","1","0.58","0.42","1.28","0.00","0.44"
"","Justin Morrow","TOR","2020","FB","1053","5","1","0","0.71","-0.69","-0.71","11","0","0.54","-0.54","1.25","0.00","0.29"
"","Antônio Carlos","ORL","2020","CB","1835","8","2","1","1.02","-0.46","-0.02","1","1","0.20","0.80","1.22","0.08","0.47"
"","Bakaye Dibassy","MIN","2020","CB","938","7","1","0","0.74","-0.45","-0.74","5","0","0.48","-0.48","1.22","0.00","0.81"
"","Rolf Feltscher","LAG","2020","FB","1276","5","1","0","0.51","-0.34","-0.51","8","1","0.68","0.32","1.20","0.00","0.43"
"","Larrys Mabiala","POR","2020","CB","1454","6","2","1","1.11","-0.03","-0.11","1","0","0.08","-0.08","1.19","0.17","0.38"
"","Jakob Glesnes","PHI","2020","CB","1660","8","2","1","0.80","0.38","0.20","5","0","0.38","-0.38","1.18","0.92","0.47"
"","Zarek Valentin","HOU","2020","FB","1783","2","0","0","0.11","-0.11","-0.11","10","2","1.06","0.94","1.17","0.00","0.11"
"","Raymon Gaddis","PHI","2020","FB","1402","5","1","0","0.23","-0.22","-0.23","6","1","0.94","0.06","1.17","0.00","0.15"
"","Matt Polster","NER","2020","DM","841","2","0","0","0.08","-0.08","-0.08","10","1","1.09","-0.09","1.17","0.00","0.01"
"","Tanner Tessmann","FCD","2020","DM","1135","16","4","0","0.53","-0.26","-0.53","10","0","0.64","-0.64","1.17","0.00","0.43"
"","Nick Hagglund","CIN","2020","CB","822","10","3","1","0.94","0.14","0.06","3","0","0.22","-0.22","1.17","0.77","0.98"
"","Jaylin Lindsey","SKC","2020","FB","1157","6","0","0","0.36","-0.36","-0.36","14","2","0.80","1.20","1.15","0.00","0.38"
"","Keegan Rosenberry","COL","2020","FB","1493","14","5","1","0.39","0.17","0.61","12","1","0.75","0.25","1.14","0.70","0.22"
"","Federico Higuaín","DCU, MIA","2020","AM","267","6","4","2","0.95","-0.20","1.05","3","0","0.18","-0.18","1.13","1.05","0.66"
"","Andrew Gutman","CIN","2020","FB","1604","4","0","0","0.38","-0.38","-0.38","11","0","0.74","-0.74","1.13","0.00","0.22"
"","Ifunanyachi Achara","TOR","2020","W","101","2","2","1","0.97","0.28","0.03","1","0","0.15","-0.15","1.12","1.52","1.46"
"","Danny Hoesen","SJE","2020","W","286","11","3","1","1.12","0.81","-0.12","0","0","0.00","0.00","1.12","0.00","0.53"
"","Patrick Mullins","TOR","2020","ST","486","8","4","1","0.71","-0.06","0.29","5","1","0.41","0.59","1.12","0.62","0.30"
"","Emanuel Maciel","MTL","2020","CM","841","1","0","0","0.06","-0.06","-0.06","8","3","1.05","1.95","1.12","0.00","0.06"
"","Russell Canouse","DCU","2020","CB","1365","5","3","2","0.91","1.23","1.09","5","0","0.21","-0.21","1.11","1.92","0.82"
"","Samuel Tetteh","NYRB","2020","ST","376","8","1","0","1.10","-1.01","-1.10","0","0","0.00","0.00","1.10","0.00","0.74"
"","Marcelo Silva","RSL","2020","CB","1415","12","4","0","0.83","0.28","-0.83","2","0","0.27","-0.27","1.10","0.00","0.77"
"","Aaron Long","NYRB","2020","CB","1454","6","4","2","0.91","0.98","1.09","2","0","0.18","-0.18","1.09","2.24","0.82"
"","Auston Trusty","COL","2020","CB","589","3","1","0","0.65","-0.48","-0.65","2","1","0.42","0.58","1.07","0.00","0.61"
"","Fatai Alashe","CIN, CLB","2020","DM","525","8","1","1","0.94","-0.11","0.06","4","0","0.13","-0.13","1.07","0.35","0.40"
"","Manuel Castro","ATL","2020","W","322","7","2","0","1.01","-0.94","-1.01","2","0","0.06","-0.06","1.06","0.00","0.89"
"","Orji Okwonkwo","MTL","2020","W","568","10","7","1","0.99","-0.21","0.01","1","0","0.05","-0.05","1.04","0.58","0.64"
"","Marc Rzatkowski","NYRB","2020","DM","790","7","3","0","0.22","0.04","-0.22","15","1","0.81","0.19","1.04","0.00","0.13"
"","George Bello","ATL","2020","FB","1777","8","2","1","0.40","0.19","0.60","6","1","0.61","0.39","1.01","0.11","0.26"
"","David Accam","NSH","2020","W","239","6","3","1","0.81","-0.14","0.19","2","0","0.19","-0.19","1.00","1.03","0.26"
"","Sean Davis","NYRB","2020","CM","1178","6","2","0","0.29","0.39","-0.29","10","0","0.70","-0.70","0.99","0.00","0.16"
"","Tony Rocha","NYC","2020","W","114","3","1","1","0.18","0.36","0.82","2","0","0.81","-0.81","0.99","0.01","0.03"
"","Mathias Jørgensen","NYRB","2020","ST","305","7","1","0","0.93","-0.85","-0.93","1","0","0.04","-0.04","0.97","0.00","0.73"
"","Miles Robinson","ATL","2020","CB","1534","9","1","0","0.83","-0.44","-0.83","3","0","0.13","-0.13","0.96","0.00","0.73"
"","Darlington Nagbe","CLB","2020","DM","1300","5","3","1","0.56","-0.42","0.44","10","0","0.39","-0.39","0.95","0.27","0.42"
"","Russell Teibert","VAN","2020","CM","1729","5","4","0","0.57","0.55","-0.57","10","0","0.38","-0.38","0.94","0.00","0.16"
"","Thiago Santos","FCD","2020","DM","1760","8","0","0","0.37","-0.37","-0.37","10","0","0.57","-0.57","0.94","0.00","0.23"
"","Omar González","TOR","2020","CB","2054","11","2","0","0.90","-0.49","-0.90","1","0","0.04","-0.04","0.94","0.00","0.66"
"","Andy Polo","POR","2020","W","855","9","2","1","0.56","0.29","0.44","3","1","0.38","0.62","0.94","0.00","0.30"
"","Bill Tuiloma","POR","2020","CB","915","12","3","1","0.76","-0.13","0.24","4","1","0.16","0.84","0.92","0.31","0.42"
"","José Bizama","HOU","2020","FB","635","3","0","0","0.45","-0.45","-0.45","4","0","0.47","-0.47","0.92","0.00","0.15"
"","Jason Pendant","NYRB","2020","FB","1765","8","0","0","0.24","-0.24","-0.24","9","1","0.67","0.33","0.91","0.00","0.17"
"","Jack Elliott","PHI","2020","CB","1107","10","6","1","0.52","0.76","0.48","2","0","0.38","-0.38","0.90","0.02","0.29"
"","Emmanuel Boateng","CLB","2020","W","377","3","1","0","0.42","-0.29","-0.42","6","0","0.48","-0.48","0.90","0.00","0.28"
"","Dániel Sallói","SKC","2020","W","199","6","3","0","0.80","-0.36","-0.80","2","0","0.10","-0.10","0.90","0.00","0.72"
"","Griffin Yow","DCU","2020","W","455","5","5","2","0.29","0.68","1.71","2","0","0.60","-0.60","0.90","1.60","0.22"
"","Theo Bair","VAN","2020","ST","530","6","3","1","0.79","0.36","0.21","1","0","0.11","-0.11","0.89","0.54","0.71"
"","Donny Toia","RSL","2020","FB","1806","7","0","0","0.44","-0.44","-0.44","9","0","0.45","-0.45","0.89","0.00","0.24"
"","Jonathan Mensah","CLB","2020","CB","2277","10","4","0","0.89","0.64","-0.89","0","0","0.00","0.00","0.89","0.00","0.54"
"","Anthony Jackson-Hamel","MTL","2020","ST","240","8","2","0","0.66","-0.43","-0.66","1","0","0.23","-0.23","0.89","0.00","0.50"
"","Tosaint Ricketts","VAN","2020","ST","543","5","2","2","0.89","0.47","1.11","0","0","0.00","0.00","0.89","1.83","0.71"
"","Jonathan Bornstein","CHI","2020","FB","1258","4","3","1","0.13","0.47","0.87","6","1","0.73","0.27","0.86","1.06","0.12"
"","Krisztián Németh","CLB","2020","ST","214","3","1","1","0.85","-0.27","0.15","0","0","0.00","0.00","0.85","1.37","0.98"
"","Andy Rose","VAN","2020","CB","941","4","2","0","0.25","-0.00","-0.25","2","1","0.59","0.41","0.84","0.00","0.15"
"","Fanendo Adi","CLB","2020","ST","241","5","1","0","0.81","-0.32","-0.81","1","0","0.03","-0.03","0.84","0.00","0.89"
"","Dom Dwyer","ORL","2020","ST","132","1","0","0","0.05","-0.05","-0.05","1","1","0.79","0.21","0.84","0.00","0.03"
"","Kyle Beckerman","RSL","2020","DM","437","4","1","0","0.34","-0.29","-0.34","2","0","0.49","-0.49","0.83","0.00","0.22"
"","Marcos López","SJE","2020","FB","1064","7","4","2","0.22","0.09","1.78","13","1","0.61","0.39","0.83","1.21","0.12"
"","Ballou Tabla","MTL","2020","ST","126","6","2","1","0.83","0.07","0.17","0","0","0.00","0.00","0.83","0.06","0.25"
"","Dario Zuparic","POR","2020","CB","1772","4","4","0","0.74","0.45","-0.74","4","0","0.09","-0.09","0.83","0.00","0.45"
"","Justin Rennicks","NER","2020","W","53","2","0","0","0.64","-0.64","-0.64","1","0","0.18","-0.18","0.82","0.00","1.11"
"","Tomás Martínez","HOU","2020","CM","400","7","1","0","0.79","-0.69","-0.79","1","0","0.03","-0.03","0.82","0.00","0.36"
"","Maikel van der Werff","CIN","2020","CB","1073","7","1","0","0.82","-0.32","-0.82","0","0","0.00","0.00","0.82","0.00","0.71"
"","Henry Kessler","NER","2020","CB","1997","12","2","1","0.70","-0.11","0.30","2","0","0.12","-0.12","0.81","0.72","0.40"
"","Rudy Camacho","MTL","2020","CB","1306","7","1","1","0.61","0.25","0.39","3","0","0.19","-0.19","0.81","0.60","0.36"
"","Júnior Moreno","DCU","2020","CM","1907","10","3","0","0.34","-0.22","-0.34","13","1","0.45","0.55","0.79","0.00","0.16"
"","James Sands","NYC","2020","DM","1539","5","0","0","0.43","-0.43","-0.43","5","1","0.37","0.63","0.79","0.00","0.08"
"","Michael Bradley","TOR","2020","CM","1157","7","2","0","0.56","-0.30","-0.56","6","0","0.23","-0.23","0.79","0.00","0.44"
"","Jukka Raitala","MTL","2020","FB","1475","4","3","0","0.14","0.34","-0.14","5","0","0.65","-0.65","0.79","0.00","0.05"
"","Aleksandar Katai","LAG","2020","W","120","8","0","0","0.65","-0.65","-0.65","1","0","0.14","-0.14","0.79","0.00","0.37"
"","Matías Vera","HOU","2020","DM","1840","9","2","0","0.33","0.03","-0.33","14","0","0.46","-0.46","0.79","0.00","0.30"
"","Luis Binks","MTL","2020","CB","1942","10","1","0","0.63","-0.56","-0.63","1","0","0.16","-0.16","0.79","0.00","0.36"
"","Nick Besler","RSL","2020","DM","626","3","1","0","0.65","-0.31","-0.65","2","0","0.13","-0.13","0.78","0.00","0.34"
"","Jorge Corrales","MTL","2020","FB","1174","3","0","0","0.07","-0.07","-0.07","9","1","0.69","0.31","0.76","0.00","0.05"
"","Judson","SJE","2020","DM","1814","14","1","0","0.70","-0.65","-0.70","2","0","0.06","-0.06","0.76","0.00","0.44"
"","Steven Birnbaum","DCU","2020","CB","1012","7","0","0","0.54","-0.54","-0.54","1","1","0.22","0.78","0.75","0.00","0.35"
"","Héctor Jiménez","CLB","2020","FB","431","1","0","0","0.03","-0.03","-0.03","8","1","0.72","0.28","0.75","0.00","0.02"
"","Kendall Waston","CIN","2020","CB","1677","10","3","0","0.72","-0.31","-0.72","1","0","0.02","-0.02","0.74","0.00","0.73"
"","Oswaldo Alanís","SJE","2020","CB","1287","13","4","2","0.73","0.17","1.27","0","0","0.00","0.00","0.73","2.41","0.66"
"","Hwang In-Beom","VAN","2020","CM","507","3","0","0","0.33","-0.33","-0.33","8","1","0.40","0.60","0.73","0.00","0.17"
"","Christian Torres","LAFC","2020","W","253","3","1","1","0.33","0.26","0.67","3","0","0.40","-0.40","0.72","1.85","0.24"
"","Alex Roldan","SEA","2020","FB","658","3","0","0","0.24","-0.24","-0.24","5","1","0.48","0.52","0.72","0.00","0.21"
"","Mo Adams","ATL","2020","DM","846","1","0","0","0.02","-0.02","-0.02","4","1","0.68","0.32","0.70","0.00","0.01"
"","Emil Cuello","LAG","2020","W","291","2","2","0","0.08","0.00","-0.08","4","0","0.61","-0.61","0.69","0.00","0.07"
"","Giuseppe Rossi","RSL","2020","AM","208","6","3","1","0.56","0.30","0.44","1","0","0.12","-0.12","0.68","0.13","0.21"
"","Robin Jansson","ORL","2020","CB","2201","4","1","0","0.44","-0.39","-0.44","2","0","0.22","-0.22","0.66","0.00","0.15"
"","Jeremy Kelly","COL","2020","FB","281","1","0","0","0.01","-0.01","-0.01","5","1","0.65","0.35","0.66","0.00","-0.00"
"","Jonathan dos Santos","LAG","2020","DM","666","2","0","0","0.05","-0.05","-0.05","6","0","0.60","-0.60","0.65","0.00","0.01"
"","Julio Cascante","POR","2020","CB","443","5","2","1","0.52","0.66","0.48","2","0","0.13","-0.13","0.65","0.00","0.31"
"","Tom Pettersson","CIN","2020","CB","1255","7","1","0","0.61","-0.02","-0.61","1","0","0.04","-0.04","0.65","0.00","0.38"
"","Erickson Gallardo","TOR","2020","W","195","4","2","0","0.23","-0.11","-0.23","2","0","0.41","-0.41","0.64","0.00","0.21"
"","Justen Glad","RSL","2020","CB","1391","6","3","1","0.60","0.75","0.40","1","0","0.04","-0.04","0.63","0.89","0.38"
"","Lalas Abubakar","COL","2020","CB","1658","4","1","1","0.45","0.26","0.55","3","0","0.18","-0.18","0.63","1.00","0.37"
"","Josh Williams","CLB","2020","CB","1119","4","2","0","0.61","0.16","-0.61","0","0","0.00","0.00","0.61","0.00","0.33"
"","Eric Calvillo","SJE","2020","CM","209","2","1","0","0.56","-0.48","-0.56","2","0","0.05","-0.05","0.61","0.00","0.19"
"","Winston Reid","SKC","2020","CB","795","3","2","1","0.58","0.60","0.42","1","0","0.02","-0.02","0.61","1.04","0.51"
"","Bryce Duke","LAFC","2020","CM","299","3","1","0","0.08","-0.04","-0.08","6","0","0.51","-0.51","0.60","0.00","0.04"
"","Greg Garza","CIN","2020","FB","548","1","0","0","0.01","-0.01","-0.01","7","0","0.58","-0.58","0.59","0.00","0.01"
"","Brandon Servania","FCD","2020","DM","460","3","0","0","0.37","-0.37","-0.37","3","0","0.22","-0.22","0.59","0.00","0.24"
"","Chris Mavinga","TOR","2020","CB","1650","7","1","0","0.53","-0.18","-0.53","2","0","0.06","-0.06","0.58","0.00","0.52"
"","Franco Escobar","ATL","2020","FB","1513","7","0","0","0.35","-0.35","-0.35","4","1","0.23","0.77","0.58","0.00","0.16"
"","Jordan Harvey","LAFC","2020","FB","831","2","0","0","0.11","-0.11","-0.11","5","0","0.47","-0.47","0.57","0.00","0.07"
"","Matthew Real","PHI","2020","FB","717","7","2","1","0.20","0.65","0.80","2","1","0.37","0.63","0.57","0.06","0.04"
"","Joseph Mora","DCU","2020","FB","1741","4","0","0","0.14","-0.14","-0.14","5","0","0.40","-0.40","0.54","0.00","0.08"
"","Wil Trapp","MIA","2020","DM","1488","5","2","0","0.12","0.07","-0.12","4","0","0.42","-0.42","0.54","0.00","0.07"
"","Kwadwo Opoku","LAFC","2020","W","70","1","0","0","0.53","-0.53","-0.53","0","0","0.00","0.00","0.53","0.00","0.52"
"","Dairon Asprilla","POR","2020","W","67","2","0","0","0.53","-0.53","-0.53","0","0","0.00","0.00","0.53","0.00","0.53"
"","Sean Johnson","NYC","2020","GK","2288","0","0","0","0.00","0.00","0.00","1","0","0.52","-0.52","0.52","0.00","0.00"
"","Sam Junqua","HOU","2020","FB","303","5","3","1","0.52","0.34","0.48","0","0","0.00","0.00","0.52","0.21","0.30"
"","Dante Sealy","FCD","2020","W","85","2","0","0","0.27","-0.27","-0.27","1","0","0.23","-0.23","0.51","0.00","0.46"
"","Drew Moor","COL","2020","CB","545","4","2","1","0.46","0.44","0.54","2","0","0.04","-0.04","0.50","1.67","0.58"
"","Andrés Reyes","MIA","2020","CB","1214","9","3","0","0.50","-0.21","-0.50","0","0","0.00","0.00","0.50","0.00","0.25"
"","Gordon Wild","LAG","2020","AM","40","0","0","0","0.00","0.00","0.00","1","1","0.50","0.50","0.50","0.00","0.00"
"","Florian Jungwirth","SJE","2020","CB","1733","4","1","0","0.41","-0.12","-0.41","4","0","0.09","-0.09","0.49","0.00","0.25"
"","Reggie Cannon","FCD","2020","FB","493","4","2","0","0.17","-0.09","-0.17","3","1","0.32","0.68","0.49","0.00","0.19"
"","Kai Koreniuk","LAG","2020","W","33","2","2","1","0.49","0.18","0.51","0","0","0.00","0.00","0.49","1.76","0.76"
"","Gustav Svensson","SEA","2020","DM","965","7","1","0","0.45","-0.03","-0.45","1","0","0.03","-0.03","0.48","0.00","0.38"
"","Cameron Dunbar","LAG","2020","AM","102","3","0","0","0.23","-0.23","-0.23","3","0","0.25","-0.25","0.48","0.00","0.04"
"","Paul Marie","SJE","2020","FB","408","4","2","1","0.36","0.20","0.64","2","0","0.12","-0.12","0.47","-0.00","0.01"
"","Michael Baldisimo","VAN","2020","CM","789","4","3","1","0.12","0.48","0.88","6","0","0.35","-0.35","0.47","0.82","0.08"
"","Paxton Pomykal","FCD","2020","W","180","1","1","1","0.22","0.61","0.78","3","0","0.24","-0.24","0.46","0.09","0.02"
"","Amadou Dia","SKC","2020","FB","929","1","0","0","0.01","-0.01","-0.01","7","1","0.45","0.55","0.46","0.00","0.01"
"","Scott Caldwell","NER","2020","DM","1249","2","0","0","0.18","-0.18","-0.18","4","0","0.28","-0.28","0.46","0.00","0.12"
"","Román Torres","MIA, SEA","2020","CB","422","5","0","0","0.41","-0.41","-0.41","1","0","0.04","-0.04","0.45","0.00","0.49"
"","Adrien Pérez","LAFC","2020","W","352","7","1","0","0.45","-0.42","-0.45","0","0","0.00","0.00","0.45","0.00","0.29"
"","Tony Gallacher","TOR","2020","FB","517","2","0","0","0.04","-0.04","-0.04","2","1","0.41","0.59","0.45","0.00","0.04"
"","Oniel Fisher","DCU","2020","FB","774","1","0","0","0.03","-0.03","-0.03","2","0","0.42","-0.42","0.45","0.00","0.01"
"","Frédéric Brillant","DCU","2020","CB","1865","6","3","2","0.45","0.86","1.55","0","0","0.00","0.00","0.45","2.50","0.57"
"","Matheus Rossetto","ATL","2020","CM","861","3","1","0","0.08","-0.07","-0.08","10","0","0.36","-0.36","0.45","0.00","0.05"
"","Shane O'Neill","SEA","2020","CB","1348","2","0","0","0.18","-0.18","-0.18","2","0","0.24","-0.24","0.43","0.00","0.17"
"","Osvaldo Alonso","MIN","2020","DM","819","6","1","0","0.18","-0.03","-0.18","4","0","0.24","-0.24","0.42","0.00","0.15"
"","Caden Clark","NYRB","2020","W","303","5","2","2","0.27","1.08","1.73","1","0","0.15","-0.15","0.42","2.03","0.25"
"","Anton Walkes","ATL","2020","CB","1479","7","3","0","0.40","-0.05","-0.40","1","0","0.01","-0.01","0.42","0.00","0.37"
"","Víctor Cabrera","HOU","2020","CB","723","5","1","0","0.39","-0.18","-0.39","1","0","0.01","-0.01","0.41","0.00","0.32"
"","Derek Cornelius","VAN","2020","CB","1127","7","1","0","0.39","-0.13","-0.39","0","0","0.00","0.00","0.39","0.00","0.15"
"","Tomás Conechny","POR","2020","W","217","4","1","0","0.14","0.16","-0.14","3","0","0.25","-0.25","0.39","0.00","0.02"
"","Cameron Duke","SKC","2020","CM","262","2","1","0","0.11","-0.06","-0.11","5","0","0.27","-0.27","0.39","0.00","0.08"
"","John Nelson","FCD","2020","FB","786","2","1","0","0.06","-0.04","-0.06","1","1","0.31","0.69","0.38","0.00","0.05"
"","Dru Yearwood","NYRB","2020","CM","650","3","1","0","0.11","-0.08","-0.11","4","0","0.26","-0.26","0.37","0.00","0.05"
"","Xavier Arreaga","SEA","2020","CB","1158","3","1","0","0.09","-0.03","-0.09","1","1","0.28","0.72","0.37","0.00","0.08"
"","Matt LaGrassa","NSH","2020","CM","409","2","1","0","0.21","-0.17","-0.21","3","0","0.16","-0.16","0.37","0.00","0.12"
"","Álvaro Barreal","CIN","2020","W","348","6","0","0","0.37","-0.37","-0.37","0","0","0.00","0.00","0.37","0.00","0.24"
"","Jay Chapman","MIA","2020","DM","254","2","0","0","0.17","-0.17","-0.17","2","0","0.19","-0.19","0.36","0.00","0.17"
"","Ranko Veselinovic","VAN","2020","CB","1534","5","0","0","0.26","-0.26","-0.26","2","0","0.09","-0.09","0.35","0.00","0.06"
"","Siad Haji","SJE","2020","W","69","1","1","0","0.27","-0.08","-0.27","2","0","0.07","-0.07","0.34","0.00","0.01"
"","Franko Kovacevic","CIN","2020","ST","97","3","1","0","0.11","-0.10","-0.11","3","0","0.23","-0.23","0.34","0.00","0.05"
"","Andreu Fontàs","SKC","2020","CB","292","1","1","1","0.34","0.15","0.66","0","0","0.00","0.00","0.34","0.35","0.12"
"","Tate Schmitt","RSL","2020","DM","274","1","0","0","0.02","-0.02","-0.02","2","0","0.32","-0.32","0.33","0.00","0.01"
"","Jalil Anibaba","NSH","2020","FB","648","5","2","0","0.32","0.39","-0.32","0","0","0.00","0.00","0.32","0.00","0.29"
"","Eric Miller","NSH","2020","FB","472","1","0","0","0.32","-0.32","-0.32","0","0","0.00","0.00","0.32","0.00","0.32"
"","Jeizon Ramírez","RSL","2020","W","140","5","1","0","0.27","-0.18","-0.27","1","0","0.04","-0.04","0.32","0.00","0.38"
"","Roberto Puncec","SKC","2020","CB","1858","3","1","0","0.19","-0.05","-0.19","2","1","0.12","0.88","0.31","0.00","0.12"
"","Marlon Hairston","MIN","2020","DM","452","2","0","0","0.13","-0.13","-0.13","3","0","0.18","-0.18","0.31","0.00","0.13"
"","Robinho","ORL","2020","W","169","3","1","0","0.30","-0.09","-0.30","0","0","0.00","0.00","0.30","0.00","0.20"
"","Erik Godoy","VAN","2020","CB","1025","2","0","0","0.24","-0.24","-0.24","2","0","0.06","-0.06","0.30","0.00","0.20"
"","Sebastian Berhalter","CLB","2020","DM","442","6","0","0","0.15","-0.15","-0.15","5","0","0.15","-0.15","0.29","0.00","0.06"
"","Bressan","FCD","2020","CB","1309","4","1","0","0.29","-0.16","-0.29","0","0","0.00","0.00","0.29","0.00","0.12"
"","Guram Kashia","SJE","2020","CB","544","3","1","0","0.29","-0.14","-0.29","0","0","0.00","0.00","0.29","0.00","0.17"
"","Dejan Jakovic","LAFC","2020","CB","1192","3","1","1","0.24","0.09","0.76","2","0","0.06","-0.06","0.29","0.52","0.16"
"","Ike Opara","MIN","2020","CB","196","2","2","2","0.29","0.40","1.71","0","0","0.00","0.00","0.29","0.70","0.14"
"","Jordy Delem","SEA","2020","DM","805","3","0","0","0.20","-0.20","-0.20","3","0","0.08","-0.08","0.29","0.00","0.27"
"","Tanner Beason","SJE","2020","CB","869","5","0","0","0.19","-0.19","-0.19","1","0","0.09","-0.09","0.28","0.00","0.17"
"","Zico Bailey","CIN","2020","FB","321","1","0","0","0.03","-0.03","-0.03","4","0","0.25","-0.25","0.27","0.00","0.02"
"","Nico Lemoine","HOU","2020","W","231","2","0","0","0.09","-0.09","-0.09","2","0","0.18","-0.18","0.27","0.00","0.09"
"","Jorge Moreira","POR","2020","FB","92","1","0","0","0.27","-0.27","-0.27","0","0","0.00","0.00","0.27","0.00","0.19"
"","Paul Arriola","DCU","2020","FB","30","3","0","0","0.27","-0.27","-0.27","0","0","0.00","0.00","0.27","0.00","0.16"
"","Sam Nicholson","COL","2020","W","180","3","0","0","0.17","-0.17","-0.17","2","0","0.09","-0.09","0.26","0.00","0.13"
"","Karifa Yao","MTL","2020","CB","138","2","0","0","0.25","-0.25","-0.25","0","0","0.00","0.00","0.25","0.00","0.05"
"","Amro Tarek","NYRB","2020","CB","1041","1","0","0","0.10","-0.10","-0.10","1","0","0.14","-0.14","0.24","0.00","0.06"
"","Chris Cadden","CLB","2020","FB","409","0","0","0","0.00","0.00","0.00","3","0","0.24","-0.24","0.24","0.00","0.00"
"","Joey Dezart","ORL","2020","CM","446","2","1","0","0.04","0.22","-0.04","1","0","0.20","-0.20","0.24","0.00","0.02"
"","Alex De John","ORL","2020","FB","99","0","0","0","0.00","0.00","0.00","1","0","0.24","-0.24","0.24","0.00","0.00"
"","Edgar Castillo","ATL","2020","FB","174","2","1","0","0.23","-0.11","-0.23","0","0","0.00","0.00","0.23","0.00","0.07"
"","Aljaz Struna","HOU","2020","CB","1575","2","0","0","0.19","-0.19","-0.19","1","0","0.04","-0.04","0.23","0.00","0.16"
"","Aidan Morris","CLB","2020","DM","434","2","0","0","0.08","-0.08","-0.08","2","0","0.14","-0.14","0.22","0.00","0.11"
"","Andy Najar","LAFC","2020","FB","219","0","0","0","0.00","0.00","0.00","3","1","0.22","0.78","0.22","0.00","0.00"
"","Alan Winn","NSH","2020","W","280","4","1","0","0.21","-0.17","-0.21","0","0","0.00","0.00","0.21","0.00","0.22"
"","Tim Parker","NYRB","2020","CB","1754","2","1","0","0.19","0.19","-0.19","1","0","0.03","-0.03","0.21","0.00","0.15"
"","Brandt Bronico","CHI","2020","FB","327","1","0","0","0.17","-0.17","-0.17","1","0","0.04","-0.04","0.21","0.00","0.15"
"","Danny Wilson","COL","2020","CB","804","2","1","0","0.11","-0.07","-0.11","4","0","0.09","-0.09","0.20","0.00","0.05"
"","Mikey Ambrose","MIA","2020","FB","352","1","1","1","0.02","0.16","0.98","3","0","0.17","-0.17","0.19","0.60","0.01"
"","Laurence Wyke","ATL","2020","CB","267","4","1","0","0.18","-0.11","-0.18","0","0","0.00","0.00","0.18","0.00","0.10"
"","Waylon Francis","CLB","2020","FB","226","0","0","0","0.00","0.00","0.00","2","0","0.18","-0.18","0.18","0.00","0.00"
"","Marco Farfan","POR","2020","FB","949","3","0","0","0.11","-0.11","-0.11","1","0","0.07","-0.07","0.18","0.00","0.09"
"","David Bingham","LAG","2020","GK","1660","0","0","0","0.00","0.00","0.00","1","1","0.17","0.83","0.17","0.00","0.00"
"","Mathieu Deplagne","CIN","2020","FB","1301","1","0","0","0.01","-0.01","-0.01","4","0","0.16","-0.16","0.17","0.00","0.01"
"","Brian Gutierrez","CHI","2020","W","61","1","1","0","0.10","0.21","-0.10","1","0","0.07","-0.07","0.17","0.00","0.00"
"","Ronaldo Peña","HOU","2020","ST","46","1","0","0","0.16","-0.16","-0.16","0","0","0.00","0.00","0.16","0.00","0.16"
"","Moses Nyeman","DCU","2020","CM","564","2","0","0","0.10","-0.10","-0.10","2","0","0.06","-0.06","0.16","0.00","0.06"
"","Matheus Aias","ORL","2020","ST","36","1","1","1","0.16","0.21","0.84","0","0","0.00","0.00","0.16","-0.00","-0.00"
"","Jasser Khmiri","VAN","2020","CB","429","2","0","0","0.15","-0.15","-0.15","0","0","0.00","0.00","0.15","0.00","0.10"
"","Andrés Flores","POR","2020","W","207","1","1","1","0.06","-0.02","0.94","2","0","0.10","-0.10","0.15","0.60","0.03"
"","Warren Creavalle","PHI","2020","DM","442","1","0","0","0.06","-0.06","-0.06","3","0","0.09","-0.09","0.15","0.00","0.00"
"","Sean Nealis","NYRB","2020","CB","492","2","0","0","0.12","-0.12","-0.12","1","0","0.02","-0.02","0.15","0.00","0.06"
"","Perry Kitchen","LAG","2020","DM","1845","2","0","0","0.07","-0.07","-0.07","1","0","0.07","-0.07","0.14","0.00","0.06"
"","Saad Abdul-Salaam","CIN","2020","FB","486","2","0","0","0.06","-0.06","-0.06","2","0","0.07","-0.07","0.14","0.00","0.05"
"","Jayden Nelson","TOR","2020","W","182","3","0","0","0.13","-0.13","-0.13","0","0","0.00","0.00","0.13","0.00","0.12"
"","Brad Smith","SEA","2020","FB","150","1","0","0","0.04","-0.04","-0.04","1","0","0.09","-0.09","0.13","0.00","0.03"
"","Mohammed Abu","DCU","2020","CM","363","1","0","0","0.06","-0.06","-0.06","2","0","0.07","-0.07","0.13","0.00","0.05"
"","Rashawn Dally","CIN","2020","W","91","1","0","0","0.13","-0.13","-0.13","0","0","0.00","0.00","0.13","0.00","0.13"
"","Jacob Shaffelburg","TOR","2020","W","147","1","0","0","0.09","-0.09","-0.09","1","0","0.03","-0.03","0.12","0.00","0.06"
"","Kamohelo Mokotjo","CIN","2020","DM","595","0","0","0","0.00","0.00","0.00","4","0","0.12","-0.12","0.12","0.00","0.00"
"","Ryan Raposo","VAN","2020","W","478","0","0","0","0.00","0.00","0.00","1","0","0.12","-0.12","0.12","0.00","0.00"
"","Chris Duvall","POR","2020","FB","814","1","0","0","0.01","-0.01","-0.01","1","0","0.10","-0.10","0.12","0.00","0.01"
"","Clément Bayiha","MTL","2020","FB","91","0","0","0","0.00","0.00","0.00","1","0","0.12","-0.12","0.12","0.00","0.00"
"","Liam Fraser","TOR","2020","CM","504","3","0","0","0.09","-0.09","-0.09","1","0","0.02","-0.02","0.11","0.00","0.05"
"","Jesús David Murillo","LAFC","2020","CB","450","2","0","0","0.09","-0.09","-0.09","2","0","0.02","-0.02","0.11","0.00","0.05"
"","Giancarlo González","LAG","2020","CB","819","3","2","1","0.11","0.56","0.89","0","0","0.00","0.00","0.11","0.59","0.10"
"","Everton Luiz","RSL","2020","CM","1003","3","0","0","0.11","-0.11","-0.11","0","0","0.00","0.00","0.11","0.00","0.06"
"","Josef Martínez","ATL","2020","ST","71","1","0","0","0.11","-0.11","-0.11","0","0","0.00","0.00","0.11","0.00","0.05"
"","Diedie Traore","LAG","2020","FB","104","0","0","0","0.00","0.00","0.00","1","0","0.10","-0.10","0.10","0.00","0.00"
"","Fernando Meza","ATL","2020","CB","1178","2","1","0","0.05","0.10","-0.05","1","0","0.04","-0.04","0.10","0.00","0.03"
"","Graham Smith","SKC","2020","CB","350","1","0","0","0.09","-0.09","-0.09","0","0","0.00","0.00","0.09","0.00","0.05"
"","Erik Holt","RSL","2020","CB","421","2","0","0","0.09","-0.09","-0.09","0","0","0.00","0.00","0.09","0.00","0.05"
"","Alejandro Fuenmayor","HOU","2020","CB","341","1","0","0","0.06","-0.06","-0.06","1","0","0.03","-0.03","0.09","0.00","0.09"
"","Tah Brian Anunga","NSH","2020","CM","850","3","0","0","0.09","-0.09","-0.09","0","0","0.00","0.00","0.09","0.00","0.08"
"","Joel Waterman","MTL","2020","CB","604","2","0","0","0.06","-0.06","-0.06","1","0","0.03","-0.03","0.09","0.00","0.04"
"","Axel Sjöberg","DCU","2020","CB","180","2","1","0","0.09","-0.01","-0.09","0","0","0.00","0.00","0.09","0.00","0.04"
"","Wyatt Omsberg","CHI","2020","CB","218","0","0","0","0.00","0.00","0.00","1","1","0.08","0.92","0.08","0.00","0.00"
"","Jordan Bender","ORL","2020","W","58","1","0","0","0.05","-0.05","-0.05","1","0","0.04","-0.04","0.08","0.00","0.03"
"","Jimmy Medranda","SEA, NSH","2020","FB","35","1","1","0","0.03","0.11","-0.03","1","0","0.05","-0.05","0.08","0.00","0.05"
"","Adama Diomande","LAFC","2020","ST","17","1","0","0","0.08","-0.08","-0.08","0","0","0.00","0.00","0.08","0.00","0.09"
"","Wilfried Zahibo","NER, HOU","2020","DM","334","2","0","0","0.08","-0.08","-0.08","0","0","0.00","0.00","0.08","0.00","0.04"
"","Kamal Miller","ORL","2020","FB","901","3","0","0","0.06","-0.06","-0.06","1","0","0.01","-0.01","0.07","0.00","0.06"
"","JT Marcinkowski","SJE","2020","GK","1070","0","0","0","0.00","0.00","0.00","1","0","0.07","-0.07","0.07","0.00","0.00"
"","Jahkeele Marshall-Rutty","TOR","2020","W","20","1","1","0","0.07","-0.03","-0.07","0","0","0.00","0.00","0.07","0.00","0.00"
"","Rod Fanni","MTL","2020","CB","1055","1","0","0","0.03","-0.03","-0.03","2","0","0.04","-0.04","0.07","0.00","0.02"
"","Michael Mancienne","NER","2020","CB","349","1","0","0","0.07","-0.07","-0.07","0","0","0.00","0.00","0.07","0.00","0.04"
"","Shandon Hopeau","SEA","2020","W","119","1","0","0","0.06","-0.06","-0.06","0","0","0.00","0.00","0.06","0.00","0.04"
"","Laurent Ciman","TOR","2020","CB","602","2","1","0","0.06","-0.03","-0.06","0","0","0.00","0.00","0.06","0.00","0.02"
"","David Ochoa","RSL","2020","GK","95","0","0","0","0.00","0.00","0.00","1","0","0.06","-0.06","0.06","0.00","0.00"
"","Ralph Priso-Mbongue","TOR","2020","DM","171","1","0","0","0.03","-0.03","-0.03","1","0","0.03","-0.03","0.06","0.00","0.03"
"","Joe Willis","NSH","2020","GK","2235","0","0","0","0.00","0.00","0.00","1","0","0.06","-0.06","0.06","0.00","0.00"
"","Quentin Westberg","TOR","2020","GK","1965","0","0","0","0.00","0.00","0.00","1","0","0.06","-0.06","0.06","0.00","0.00"
"","Luis Felipe","SJE","2020","CM","220","1","1","0","0.03","-0.02","-0.03","1","0","0.03","-0.03","0.06","0.00","0.00"
"","Marcelo Palomino","HOU","2020","DM","40","0","0","0","0.00","0.00","0.00","1","0","0.06","-0.06","0.06","0.00","0.00"
"","Luka Stojanovic","CHI","2020","CM","73","2","1","0","0.05","-0.01","-0.05","0","0","0.00","0.00","0.05","0.00","0.04"
"","Caleb Stanko","CIN","2020","CM","552","0","0","0","0.00","0.00","0.00","2","0","0.05","-0.05","0.05","0.00","0.00"
"","Rodrigo Schlegel","ORL","2020","CB","735","1","0","0","0.05","-0.05","-0.05","0","0","0.00","0.00","0.05","0.00","0.03"
"","Collen Warner","COL","2020","DM","297","1","0","0","0.01","-0.01","-0.01","1","0","0.03","-0.03","0.05","0.00","0.01"
"","Mohamed Traore","LAFC","2020","CB","49","1","0","0","0.04","-0.04","-0.04","0","0","0.00","0.00","0.04","0.00","0.03"
"","James Musa","MIN","2020","CB","190","0","0","0","0.00","0.00","0.00","2","0","0.04","-0.04","0.04","0.00","0.00"
"","Carlos Terán","CHI","2020","CB","30","1","0","0","0.04","-0.04","-0.04","0","0","0.00","0.00","0.04","0.00","0.04"
"","Ethan Dobbelaere","SEA","2020","W","56","1","0","0","0.04","-0.04","-0.04","0","0","0.00","0.00","0.04","0.00","0.02"
"","Brent Kallman","MIN","2020","CB","300","1","1","0","0.04","0.11","-0.04","0","0","0.00","0.00","0.04","0.00","0.00"
"","Andrew Farrell","NER","2020","CB","1869","0","0","0","0.00","0.00","0.00","1","0","0.04","-0.04","0.04","0.00","0.00"
"","Ema Twumasi","FCD","2020","W","55","0","0","0","0.00","0.00","0.00","1","0","0.04","-0.04","0.04","0.00","0.00"
"","Justin Portillo","RSL","2020","CM","292","2","0","0","0.03","-0.03","-0.03","0","0","0.00","0.00","0.03","0.00","0.03"
"","Andre Blake","PHI","2020","GK","2080","0","0","0","0.00","0.00","0.00","1","0","0.03","-0.03","0.03","0.00","0.00"
"","Jeff Attinella","POR","2020","GK","97","0","0","0","0.00","0.00","0.00","1","0","0.03","-0.03","0.03","0.00","0.00"
"","Matt Besler","SKC","2020","CB","900","1","0","0","0.02","-0.02","-0.02","1","0","0.01","-0.01","0.03","0.00","0.01"
"","Alvas Powell","MIA","2020","FB","226","1","1","0","0.03","-0.02","-0.03","0","0","0.00","0.00","0.03","0.00","0.06"
"","Joe Scally","NYC","2020","FB","84","0","0","0","0.00","0.00","0.00","1","0","0.03","-0.03","0.03","0.00","0.00"
"","Thomás Chacón","MIN","2020","W","191","1","1","0","0.03","0.00","-0.03","0","0","0.00","0.00","0.03","0.00","0.03"
"","Carlos Harvey","LAG","2020","CM","135","0","0","0","0.00","0.00","0.00","1","0","0.02","-0.02","0.02","0.00","0.00"
"","Tim Melia","SKC","2020","GK","1946","0","0","0","0.00","0.00","0.00","1","0","0.02","-0.02","0.02","0.00","0.00"
"","Foster Langsdorf","MIN","2020","W","17","0","0","0","0.00","0.00","0.00","1","0","0.02","-0.02","0.02","0.00","0.00"
"","Renzo Zambrano","POR","2020","DM","115","0","0","0","0.00","0.00","0.00","1","0","0.02","-0.02","0.02","0.00","0.00"
"","Seth Sinovic","NER","2020","FB","20","0","0","0","0.00","0.00","0.00","1","0","0.02","-0.02","0.02","0.00","0.00"
"","Micheal Azira","CHI","2020","DM","163","1","0","0","0.02","-0.02","-0.02","0","0","0.00","0.00","0.02","0.00","0.03"
"","Oriol Rosell","ORL","2020","DM","635","0","0","0","0.00","0.00","0.00","1","0","0.02","-0.02","0.02","0.00","0.00"
"","Shamit Shome","MTL","2020","FB","349","0","0","0","0.00","0.00","0.00","1","0","0.01","-0.01","0.01","0.00","0.00"
"","Johan Kappelhof","CHI","2020","CB","228","1","0","0","0.01","-0.01","-0.01","0","0","0.00","0.00","0.01","0.00","0.01"
"","Danny Leyva","SEA","2020","DM","70","0","0","0","0.00","0.00","0.00","1","0","0.01","-0.01","0.01","0.00","0.00"
"","Eriq Zavaleta","TOR","2020","CB","320","0","0","0","0.00","0.00","0.00","0","0","0.00","0.00","0.00","0.00","0.00"
"","Zac MacMath","RSL","2020","GK","588","0","0","0","0.00","0.00","0.00","0","0","0.00","0.00","0.00","0.00","0.00"
"","Bobby Edwards","CIN","2020","GK","199","0","0","0","0.00","0.00","0.00","0","0","0.00","0.00","0.00","0.00","0.00"
"","Santiago Patiño","ORL","2020","ST","20","0","0","0","0.00","0.00","0.00","0","0","0.00","0.00","0.00","0.00","0.00"
"","Noah Billingsley","MIN","2020","FB","13","0","0","0","0.00","0.00","0.00","0","0","0.00","0.00","0.00","0.00","0.00"
"","David Loera","ORL","2020","DM","33","0","0","0","0.00","0.00","0.00","0","0","0.00","0.00","0.00","0.00","0.00"
"","Matt Turner","NER","2020","GK","2164","0","0","0","0.00","0.00","0.00","0","0","0.00","0.00","0.00","0.00","0.00"
"","Danilo Silva","LAFC","2020","CB","39","0","0","0","0.00","0.00","0.00","0","0","0.00","0.00","0.00","0.00","0.00"
"","Andrew Putna","RSL","2020","GK","1462","0","0","0","0.00","0.00","0.00","0","0","0.00","0.00","0.00","0.00","0.00"
"","Janio Bikel","VAN","2020","CM","1027","0","0","0","0.00","0.00","0.00","0","0","0.00","0.00","0.00","0.00","0.00"
"","Tommy McCabe","CIN","2020","AM","18","0","0","0","0.00","0.00","0.00","0","0","0.00","0.00","0.00","0.00","0.00"
"","Andre Reynolds","CHI","2020","FB","26","0","0","0","0.00","0.00","0.00","0","0","0.00","0.00","0.00","0.00","0.00"
"","Bill Hamid","DCU","2020","GK","1709","0","0","0","0.00","0.00","0.00","0","0","0.00","0.00","0.00","0.00","0.00"
"","Aboubacar Keita","CLB","2020","CB","1043","0","0","0","0.00","0.00","0.00","0","0","0.00","0.00","0.00","0.00","0.00"
"","Edwin Cerrillo","FCD","2020","AM","31","0","0","0","0.00","0.00","0.00","0","0","0.00","0.00","0.00","0.00","0.00"
"","Juan Pablo Torres","NYC","2020","W","8","0","0","0","0.00","0.00","0.00","0","0","0.00","0.00","0.00","0.00","0.00"
"","Eloy Room","CLB","2020","GK","1655","0","0","0","0.00","0.00","0.00","0","0","0.00","0.00","0.00","0.00","0.00"
"","Jack Maher","NSH","2020","CB","134","0","0","0","0.00","0.00","0.00","0","0","0.00","0.00","0.00","0.00","0.00"
"","Bobby Shuttleworth","CHI","2020","GK","1673","0","0","0","0.00","0.00","0.00","0","0","0.00","0.00","0.00","0.00","0.00"
"","Luis Argudo","MIA","2020","CM","23","0","0","0","0.00","0.00","0.00","0","0","0.00","0.00","0.00","0.00","0.00"
"","Mustafa Kizza","MTL","2020","W","28","0","0","0","0.00","0.00","0.00","0","0","0.00","0.00","0.00","0.00","0.00"
"","Josh Atencio","SEA","2020","DM","38","0","0","0","0.00","0.00","0.00","0","0","0.00","0.00","0.00","0.00","0.00"
"","Cole Turner","PHI","2020","W","7","0","0","0","0.00","0.00","0.00","0","0","0.00","0.00","0.00","0.00","0.00"
"","Brian Rowe","ORL","2020","GK","401","0","0","0","0.00","0.00","0.00","0","0","0.00","0.00","0.00","0.00","0.00"
"","Antonio Mlinar Delamea","NER","2020","CB","357","0","0","0","0.00","0.00","0.00","0","0","0.00","0.00","0.00","0.00","0.00"
"","Noble Okello","TOR","2020","CM","29","0","0","0","0.00","0.00","0.00","0","0","0.00","0.00","0.00","0.00","0.00"
"","Milan Iloski","RSL","2020","ST","4","0","0","0","0.00","0.00","0.00","0","0","0.00","0.00","0.00","0.00","0.00"
"","Alex Bono","TOR","2020","GK","295","0","0","0","0.00","0.00","0.00","0","0","0.00","0.00","0.00","0.00","0.00"
"","Kenneth Vermeer","LAFC","2020","GK","803","0","0","0","0.00","0.00","0.00","0","0","0.00","0.00","0.00","0.00","0.00"
"","Jack Skahan","SJE","2020","DM","15","0","0","0","0.00","0.00","0.00","0","0","0.00","0.00","0.00","0.00","0.00"
"","Greg Ranjitsingh","MIN","2020","GK","297","0","0","0","0.00","0.00","0.00","0","0","0.00","0.00","0.00","0.00","0.00"
"","Michael Salazar","HOU","2020","W","16","0","0","0","0.00","0.00","0.00","0","0","0.00","0.00","0.00","0.00","0.00"
"","Kenneth Kronholm","CHI","2020","GK","504","0","0","0","0.00","0.00","0.00","0","0","0.00","0.00","0.00","0.00","0.00"
"","Clément Diop","MTL","2020","GK","1985","0","0","0","0.00","0.00","0.00","0","0","0.00","0.00","0.00","0.00","0.00"
"","Stefan Frei","SEA","2020","GK","2081","0","0","0","0.00","0.00","0.00","0","0","0.00","0.00","0.00","0.00","0.00"
"","Jesse González","FCD","2020","GK","200","0","0","0","0.00","0.00","0.00","0","0","0.00","0.00","0.00","0.00","0.00"
"","Jacob Akanyirige","SJE","2020","CB","73","0","0","0","0.00","0.00","0.00","0","0","0.00","0.00","0.00","0.00","0.00"
"","George Campbell","ATL","2020","CB","58","0","0","0","0.00","0.00","0.00","0","0","0.00","0.00","0.00","0.00","0.00"
"","Jordan Hamilton","CLB","2020","FB","26","0","0","0","0.00","0.00","0.00","0","0","0.00","0.00","0.00","0.00","0.00"
"","David Jensen","NYRB","2020","GK","1024","0","0","0","0.00","0.00","0.00","0","0","0.00","0.00","0.00","0.00","0.00"
"","Patrick Metcalfe","VAN","2020","CM","239","0","0","0","0.00","0.00","0.00","0","0","0.00","0.00","0.00","0.00","0.00"
"","Jimmy McLaughlin","CIN","2020","CB","6","0","0","0","0.00","0.00","0.00","0","0","0.00","0.00","0.00","0.00","0.00"
"","Christian Makoun","MIA","2020","CB","209","0","0","0","0.00","0.00","0.00","0","0","0.00","0.00","0.00","0.00","0.00"
"","Bryan Meredith","VAN","2020","GK","292","0","0","0","0.00","0.00","0.00","0","0","0.00","0.00","0.00","0.00","0.00"
"","Brad Knighton","NER","2020","GK","97","0","0","0","0.00","0.00","0.00","0","0","0.00","0.00","0.00","0.00","0.00"
"","Andrew Tarbell","CLB","2020","GK","623","0","0","0","0.00","0.00","0.00","0","0","0.00","0.00","0.00","0.00","0.00"
"","Daniel Vega","SJE","2020","GK","1174","0","0","0","0.00","0.00","0.00","0","0","0.00","0.00","0.00","0.00","0.00"
"","Luis Robles","MIA","2020","GK","1514","0","0","0","0.00","0.00","0.00","0","0","0.00","0.00","0.00","0.00","0.00"
"","Przemyslaw Tyton","CIN","2020","GK","1184","0","0","0","0.00","0.00","0.00","0","0","0.00","0.00","0.00","0.00","0.00"
"","Gilbert Fuentes","SJE","2020","W","11","0","0","0","0.00","0.00","0.00","0","0","0.00","0.00","0.00","0.00","0.00"
"","Jerome Kiesewetter","MIA","2020","W","36","0","0","0","0.00","0.00","0.00","0","0","0.00","0.00","0.00","0.00","0.00"
"","James Pantemis","MTL","2020","GK","294","0","0","0","0.00","0.00","0.00","0","0","0.00","0.00","0.00","0.00","0.00"
"","Dayne St. Clair","MIN","2020","GK","1270","0","0","0","0.00","0.00","0.00","0","0","0.00","0.00","0.00","0.00","0.00"
"","Patrick Seagrist","NYRB","2020","FB","263","0","0","0","0.00","0.00","0.00","0","0","0.00","0.00","0.00","0.00","0.00"
"","Spencer Richey","CIN","2020","GK","894","0","0","0","0.00","0.00","0.00","0","0","0.00","0.00","0.00","0.00","0.00"
"","Sebastien Ibeagha","NYC","2020","CB","329","0","0","0","0.00","0.00","0.00","0","0","0.00","0.00","0.00","0.00","0.00"
"","Brayan Beckeles","NSH","2020","FB","81","0","0","0","0.00","0.00","0.00","0","0","0.00","0.00","0.00","0.00","0.00"
"","Tyler Miller","MIN","2020","GK","500","0","0","0","0.00","0.00","0.00","0","0","0.00","0.00","0.00","0.00","0.00"
"","Christopher Garcia","RSL","2020","W","3","0","0","0","0.00","0.00","0.00","0","0","0.00","0.00","0.00","0.00","0.00"
"","Damiano Pecile","VAN","2020","ST","1","0","0","0","0.00","0.00","0.00","0","0","0.00","0.00","0.00","0.00","0.00"
"","Brad Guzan","ATL","2020","GK","2282","0","0","0","0.00","0.00","0.00","0","0","0.00","0.00","0.00","0.00","0.00"
"","Aljaz Ivacic","POR","2020","GK","193","0","0","0","0.00","0.00","0.00","0","0","0.00","0.00","0.00","0.00","0.00"
"","Alexander Alvarado","ORL","2020","ST","36","0","0","0","0.00","0.00","0.00","0","0","0.00","0.00","0.00","0.00","0.00"
"","A.J. DeLaGarza","MIA","2020","FB","458","0","0","0","0.00","0.00","0.00","0","0","0.00","0.00","0.00","0.00","0.00"
"","Joe Bendik","PHI","2020","GK","106","0","0","0","0.00","0.00","0.00","0","0","0.00","0.00","0.00","0.00","0.00"
"","Erik Dueñas","LAFC","2020","FB","49","0","0","0","0.00","0.00","0.00","0","0","0.00","0.00","0.00","0.00","0.00"
"","Marko Maric","HOU","2020","GK","2271","0","0","0","0.00","0.00","0.00","0","0","0.00","0.00","0.00","0.00","0.00"
"","John McCarthy","MIA","2020","GK","778","0","0","0","0.00","0.00","0.00","0","0","0.00","0.00","0.00","0.00","0.00"
"","Jimmy Maurer","FCD","2020","GK","1521","0","0","0","0.00","0.00","0.00","0","0","0.00","0.00","0.00","0.00","0.00"
"","Ryan Meara","NYRB","2020","GK","1234","0","0","0","0.00","0.00","0.00","0","0","0.00","0.00","0.00","0.00","0.00"
"","Jonathan Klinsmann","LAG","2020","GK","388","0","0","0","0.00","0.00","0.00","0","0","0.00","0.00","0.00","0.00","0.00"
"","Pablo Sisniega","LAFC","2020","GK","1371","0","0","0","0.00","0.00","0.00","0","0","0.00","0.00","0.00","0.00","0.00"
"","Thomas Hasal","VAN","2020","GK","835","0","0","0","0.00","0.00","0.00","0","0","0.00","0.00","0.00","0.00","0.00"
"","Richard Sánchez","SKC","2020","GK","133","0","0","0","0.00","0.00","0.00","0","0","0.00","0.00","0.00","0.00","0.00"
"","Josh Sims","NYRB","2020","W","58","0","0","0","0.00","0.00","0.00","0","0","0.00","0.00","0.00","0.00","0.00"
"","Connor Sparrow","CHI","2020","GK","98","0","0","0","0.00","0.00","0.00","0","0","0.00","0.00","0.00","0.00","0.00"
"","Tyler Wolff","ATL","2020","CM","146","0","0","0","0.00","0.00","0.00","0","0","0.00","0.00","0.00","0.00","0.00"
"","Chris Seitz","DCU","2020","GK","591","0","0","0","0.00","0.00","0.00","0","0","0.00","0.00","0.00","0.00","0.00"
"","Jack De Vries","PHI","2020","W","35","0","0","0","0.00","0.00","0.00","0","0","0.00","0.00","0.00","0.00","0.00"
"","Harry Shipp","SEA","2020","W","54","0","0","0","0.00","0.00","0.00","0","0","0.00","0.00","0.00","0.00","0.00"
"","Steve Clark","POR","2020","GK","1979","0","0","0","0.00","0.00","0.00","0","0","0.00","0.00","0.00","0.00","0.00"
"","Matt Freese","PHI","2020","GK","101","0","0","0","0.00","0.00","0.00","0","0","0.00","0.00","0.00","0.00","0.00"
"","J.J. Williams","ATL","2020","ST","18","0","0","0","0.00","0.00","0.00","0","0","0.00","0.00","0.00","0.00","0.00"
"","William Yarbrough","COL","2020","GK","1384","0","0","0","0.00","0.00","0.00","0","0","0.00","0.00","0.00","0.00","0.00"
"","Justin Dhillon","SEA","2020","ST","13","0","0","0","0.00","0.00","0.00","0","0","0.00","0.00","0.00","0.00","0.00"
"","Kyle Zobeck","FCD","2020","GK","356","0","0","0","0.00","0.00","0.00","0","0","0.00","0.00","0.00","0.00","0.00"
"","Griffin Dorsey","TOR","2020","ST","12","0","0","0","0.00","0.00","0.00","0","0","0.00","0.00","0.00","0.00","0.00"
"","Maxime Crépeau","VAN","2020","GK","367","0","0","0","0.00","0.00","0.00","0","0","0.00","0.00","0.00","0.00","0.00"
"","Gedion Zelalem","NYC","2020","W","22","0","0","0","0.00","0.00","0.00","0","0","0.00","0.00","0.00","0.00","0.00"
"","Phelipe Megiolaro","FCD","2020","GK","98","0","0","0","0.00","0.00","0.00","0","0","0.00","0.00","0.00","0.00","0.00"
"","Pedro Gallese","ORL","2020","GK","1904","0","0","0","0.00","0.00","0.00","0","0","0.00","0.00","0.00","0.00","0.00"
"","Vito Wormgoor","CLB","2020","CB","117","0","0","0","0.00","0.00","0.00","0","0","0.00","0.00","0.00","0.00","0.00"
"","Nicolás Acevedo","NYC","2020","DM","189","0","0","0","0.00","0.00","0.00","0","0","0.00","0.00","0.00","0.00","0.00"
"","Evan Bush","VAN","2020","GK","793","0","0","0","0.00","0.00","0.00","0","0","0.00","0.00","0.00","0.00","0.00"
"","Clint Irwin","COL","2020","GK","392","0","0","0","0.00","0.00","0.00","0","0","0.00","0.00","0.00","0.00","0.00"